{ PFN
  "RRMSE": {
    "mean": 0.32639620675748265,
    "std": 0.02217634207560346,
    "median": 0.3294780678789275,
    "min": 0.29209455846070875,
    "max": 0.3782119970139504,
    "count": 20
  },
  "NIS": {
    "mean": 5.062181858615234,
    "std": 0.5157489250748994,
    "median": 4.915616318757154,
    "min": 4.092103617402066,
    "max": 5.950894427062731,
    "count": 20
  },
  "Time": {
    "mean": 1.9303400278091432,
    "std": 0.25359193107728795,
    "median": 1.899118185043335,
    "min": 1.66629958152771,
    "max": 2.9290554523468018,
    "count": 20
  }
}