{
  "gp_data": {
    "summary": {
      "RRMSE": {
        "mean": 0.7713008891605978,
        "std": 0.28117999411329847,
        "median": 0.7521956160402901,
        "min": 0.499298534723588,
        "max": 1.0815137898382232,
        "count": 4
      },
      "NIS": {
        "mean": 8.994698242386114,
        "std": 2.9039937599283654,
        "median": 8.349664987859846,
        "min": 6.233744679480753,
        "max": 13.045718314344017,
        "count": 4
      },
      "Total_Time": {
        "mean": 1.6688092350959778,
        "std": 0.3610898687404142,
        "median": 1.5294262170791626,
        "min": 1.4203777313232422,
        "max": 2.1960067749023438,
        "count": 4
      },
      "Training_Time": {
        "mean": 1.4505366683006287,
        "std": 0.36076099878166085,
        "median": 1.2757843732833862,
        "min": 1.2590394020080566,
        "max": 1.9915385246276855,
        "count": 4
      },
      "Prediction_Time": {
        "mean": 0.21827256679534912,
        "std": 0.08052663051183595,
        "median": 0.18794608116149902,
        "min": 0.16133832931518555,
        "max": 0.3358597755432129,
        "count": 4
      }
    },
    "metrics": [
      {
        "Total_Time": 2.1960067749023438,
        "Training_Time": 1.9915385246276855,
        "Prediction_Time": 0.2044682502746582,
        "RRMSE": 0.5702076771809284,
        "RMSE": 27.469934099061078,
        "MSE": 754.5972794067586,
        "NIS": 8.815376955868794
      },
      {
        "Total_Time": 1.4499058723449707,
        "Training_Time": 1.2784819602966309,
        "Prediction_Time": 0.17142391204833984,
        "RRMSE": 0.9341835548996518,
        "RMSE": 45.004586427862904,
        "MSE": 2025.4127995429822,
        "NIS": 13.045718314344017
      },
      {
        "Total_Time": 1.6089465618133545,
        "Training_Time": 1.2730867862701416,
        "Prediction_Time": 0.3358597755432129,
        "RRMSE": 1.0815137898382232,
        "RMSE": 52.10226681086057,
        "MSE": 2714.646206830103,
        "NIS": 6.233744679480753
      },
      {
        "Total_Time": 1.4203777313232422,
        "Training_Time": 1.2590394020080566,
        "Prediction_Time": 0.16133832931518555,
        "RRMSE": 0.499298534723588,
        "RMSE": 24.053863870132872,
        "MSE": 578.5883670828836,
        "NIS": 7.883953019850896
      }
    ],
    "gp_model_info": {
      "model_str": "GPR(\n  (likelihood): LogGaussianLikelihood(\n    (noise_covar): LogScaleHomoskedasticNoise(\n      (raw_noise_constraint): SoftClamp(-7, 3, margin=0.01)\n    )\n  )\n  (mean_module): ConstantMean()\n  (covar_module): LogScaleKernel(\n    (base_kernel): GaussianKernel(\n      (raw_lengthscale_constraint): SoftClamp(-6, 3, margin=0.01)\n    )\n    (raw_outputscale_constraint): SoftClamp(-5, 3, margin=0.01)\n  )\n)",
      "cat_cols": [],
      "cont_cols": [
        0,
        1,
        2,
        3,
        4,
        5,
        6,
        7,
        8,
        9
      ],
      "source_cols": [],
      "qual_dict": {},
      "input_dim": 10,
      "train_samples": 200,
      "test_samples": 5000,
      "y_train_mean": 268.25928506104765,
      "y_train_std": 48.59589219880774,
      "standardize_X": false,
      "standardize_y": true,
      "dtype": "torch.float64",
      "device": "cpu",
      "num_epochs": 10000,
      "num_runs": 16,
      "lr": 1,
      "optimizer": "Adam",
      "convergence_patience": 10,
      "initializer": null
    }
  },
  "tabpfn_data": {
    "summary": {
      "RRMSE": {
        "mean": 0.06854341598291797,
        "std": 0.002350180595882003,
        "median": 0.06845387430062017,
        "min": 0.0657799919683899,
        "max": 0.07148592336204163,
        "count": 4
      },
      "NIS": {
        "mean": 0.43046857118365767,
        "std": 0.06687190442896873,
        "median": 0.42062169101938635,
        "min": 0.3597320015714521,
        "max": 0.520898901124406,
        "count": 4
      },
      "Time": {
        "mean": 0.24867773056030273,
        "std": 0.12996277841402346,
        "median": 0.18511295318603516,
        "min": 0.18094420433044434,
        "max": 0.4435408115386963,
        "count": 4
      }
    },
    "metrics": [
      {
        "Time": 0.4435408115386963,
        "RRMSE": 0.07148592336204163,
        "RMSE": 3.443856830329422,
        "MSE": 11.860149867806612,
        "NIS": 0.4251120058322551
      },
      {
        "Time": 0.18902182579040527,
        "RRMSE": 0.06881383896122997,
        "RMSE": 3.3151283243220666,
        "MSE": 10.990075806722432,
        "NIS": 0.520898901124406
      },
      {
        "Time": 0.18120408058166504,
        "RRMSE": 0.06809390964001037,
        "RMSE": 3.280445502954845,
        "MSE": 10.761322697856667,
        "NIS": 0.3597320015714521
      },
      {
        "Time": 0.18094420433044434,
        "RRMSE": 0.0657799919683899,
        "RMSE": 3.16897179171981,
        "MSE": 10.042382216715863,
        "NIS": 0.4161313762065176
      }
    ],
    "pfn_model_info": {
      "model_path": "auto",
      "fit_mode": "fit_preprocessors",
      "device": "cuda",
      "inference_precision": "auto",
      "random_state": null,
      "use_autocast": true,
      "forced_inference_dtype": null,
      "encoded_data": false
    }
  }
}