{
  "gp_data": {
    "summary": {
      "RRMSE": {
        "mean": 0.8597717910768592,
        "std": 0.27161733224387913,
        "median": 0.9947603603143427,
        "min": 0.45235218771281416,
        "max": 0.997214255965937,
        "count": 4
      },
      "NIS": {
        "mean": 4.834246751906356,
        "std": 0.4124353265858669,
        "median": 4.679267839869539,
        "min": 4.5448543182985786,
        "max": 5.433597009587768,
        "count": 4
      },
      "Total_Time": {
        "mean": 23.665878176689148,
        "std": 15.312096707457204,
        "median": 19.949998259544373,
        "min": 9.574760675430298,
        "max": 45.18875551223755,
        "count": 4
      },
      "Training_Time": {
        "mean": 23.462766766548157,
        "std": 15.299226839774317,
        "median": 19.765431880950928,
        "min": 9.366268873214722,
        "max": 44.95393443107605,
        "count": 4
      },
      "Prediction_Time": {
        "mean": 0.2031114101409912,
        "std": 0.033530305039705346,
        "median": 0.210892915725708,
        "min": 0.1558387279510498,
        "max": 0.23482108116149902,
        "count": 4
      }
    },
    "metrics": [
      {
        "Total_Time": 9.574760675430298,
        "Training_Time": 9.366268873214722,
        "Prediction_Time": 0.20849180221557617,
        "RRMSE": 0.997214255965937,
        "RMSE": 48.04111026610488,
        "MSE": 2307.9482756000475,
        "NIS": 4.581025645565018
      },
      {
        "Total_Time": 17.306936740875244,
        "Training_Time": 17.093642711639404,
        "Prediction_Time": 0.21329402923583984,
        "RRMSE": 0.9935492624284238,
        "RMSE": 47.86454805030534,
        "MSE": 2291.0149600599884,
        "NIS": 4.7775100341740595
      },
      {
        "Total_Time": 22.5930597782135,
        "Training_Time": 22.43722105026245,
        "Prediction_Time": 0.1558387279510498,
        "RRMSE": 0.45235218771281416,
        "RMSE": 21.792208844803543,
        "MSE": 474.9003663355338,
        "NIS": 5.433597009587768
      },
      {
        "Total_Time": 45.18875551223755,
        "Training_Time": 44.95393443107605,
        "Prediction_Time": 0.23482108116149902,
        "RRMSE": 0.9959714582002616,
        "RMSE": 47.98123809305672,
        "MSE": 2302.1992089425967,
        "NIS": 4.5448543182985786
      }
    ],
    "gp_model_info": {
      "model_str": "GPR(\n  (likelihood): LogGaussianLikelihood(\n    (noise_covar): LogScaleHomoskedasticNoise(\n      (raw_noise_constraint): SoftClamp(-7, 3, margin=0.01)\n    )\n  )\n  (mean_module): ConstantMean()\n  (covar_module): LogScaleKernel(\n    (base_kernel): GaussianKernel(\n      (raw_lengthscale_constraint): SoftClamp(-6, 3, margin=0.01)\n    )\n    (raw_outputscale_constraint): SoftClamp(-5, 3, margin=0.01)\n  )\n)",
      "cat_cols": [],
      "cont_cols": [
        0,
        1,
        2,
        3,
        4,
        5,
        6,
        7,
        8,
        9
      ],
      "source_cols": [],
      "qual_dict": {},
      "input_dim": 10,
      "train_samples": 200,
      "test_samples": 5000,
      "y_train_mean": 268.25928506104765,
      "y_train_std": 48.59589219880774,
      "standardize_X": false,
      "standardize_y": true,
      "dtype": "torch.float64",
      "device": "cpu",
      "num_epochs": 10000,
      "num_runs": 4,
      "lr": 0.1,
      "optimizer": "Adam",
      "convergence_patience": 10,
      "initializer": null
    }
  },
  "tabpfn_data": {
    "summary": {
      "RRMSE": {
        "mean": 0.06854341598291797,
        "std": 0.002350180595882003,
        "median": 0.06845387430062017,
        "min": 0.0657799919683899,
        "max": 0.07148592336204163,
        "count": 4
      },
      "NIS": {
        "mean": 0.43046857118365767,
        "std": 0.06687190442896873,
        "median": 0.42062169101938635,
        "min": 0.3597320015714521,
        "max": 0.520898901124406,
        "count": 4
      },
      "Time": {
        "mean": 0.4610351324081421,
        "std": 0.10625005213399613,
        "median": 0.4210636615753174,
        "min": 0.38809728622436523,
        "max": 0.6139159202575684,
        "count": 4
      }
    },
    "metrics": [
      {
        "Time": 0.6139159202575684,
        "RRMSE": 0.07148592336204163,
        "RMSE": 3.443856830329422,
        "MSE": 11.860149867806612,
        "NIS": 0.4251120058322551
      },
      {
        "Time": 0.45252251625061035,
        "RRMSE": 0.06881383896122997,
        "RMSE": 3.3151283243220666,
        "MSE": 10.990075806722432,
        "NIS": 0.520898901124406
      },
      {
        "Time": 0.38809728622436523,
        "RRMSE": 0.06809390964001037,
        "RMSE": 3.280445502954845,
        "MSE": 10.761322697856667,
        "NIS": 0.3597320015714521
      },
      {
        "Time": 0.3896048069000244,
        "RRMSE": 0.0657799919683899,
        "RMSE": 3.16897179171981,
        "MSE": 10.042382216715863,
        "NIS": 0.4161313762065176
      }
    ],
    "pfn_model_info": {
      "model_path": "auto",
      "fit_mode": "fit_preprocessors",
      "device": "cuda",
      "inference_precision": "auto",
      "random_state": null,
      "use_autocast": true,
      "forced_inference_dtype": null,
      "encoded_data": false
    }
  }
}