{
  "gp_data": {
    "summary": {
      "RRMSE": {
        "mean": 0.011550314976207161,
        "std": 0.0,
        "median": 0.011550314976207161,
        "min": 0.011550314976207161,
        "max": 0.011550314976207161,
        "count": 1
      },
      "NIS": {
        "mean": 0.05961940048660205,
        "std": 0.0,
        "median": 0.05961940048660205,
        "min": 0.05961940048660205,
        "max": 0.05961940048660205,
        "count": 1
      },
      "Total_Time": {
        "mean": 2.700666904449463,
        "std": 0.0,
        "median": 2.700666904449463,
        "min": 2.700666904449463,
        "max": 2.700666904449463,
        "count": 1
      },
      "Training_Time": {
        "mean": 2.662977695465088,
        "std": 0.0,
        "median": 2.662977695465088,
        "min": 2.662977695465088,
        "max": 2.662977695465088,
        "count": 1
      },
      "Prediction_Time": {
        "mean": 0.037689208984375,
        "std": 0.0,
        "median": 0.037689208984375,
        "min": 0.037689208984375,
        "max": 0.037689208984375,
        "count": 1
      },
      "per_source": {
        "source_0": {
          "RRMSE": {
            "mean": 0.011191694755373313,
            "std": 0.0,
            "median": 0.011191694755373313,
            "min": 0.011191694755373313,
            "max": 0.011191694755373313,
            "count": 1
          },
          "NIS": {
            "mean": 0.0809852766958382,
            "std": 0.0,
            "median": 0.0809852766958382,
            "min": 0.0809852766958382,
            "max": 0.0809852766958382,
            "count": 1
          }
        },
        "source_1": {
          "RRMSE": {
            "mean": 0.01105577131729818,
            "std": 0.0,
            "median": 0.01105577131729818,
            "min": 0.01105577131729818,
            "max": 0.01105577131729818,
            "count": 1
          },
          "NIS": {
            "mean": 0.07893625724138849,
            "std": 0.0,
            "median": 0.07893625724138849,
            "min": 0.07893625724138849,
            "max": 0.07893625724138849,
            "count": 1
          }
        },
        "source_2": {
          "RRMSE": {
            "mean": 0.01199439671561153,
            "std": 0.0,
            "median": 0.01199439671561153,
            "min": 0.01199439671561153,
            "max": 0.01199439671561153,
            "count": 1
          },
          "NIS": {
            "mean": 0.06911101647005724,
            "std": 0.0,
            "median": 0.06911101647005724,
            "min": 0.06911101647005724,
            "max": 0.06911101647005724,
            "count": 1
          }
        },
        "source_3": {
          "RRMSE": {
            "mean": 0.028197722087648976,
            "std": 0.0,
            "median": 0.028197722087648976,
            "min": 0.028197722087648976,
            "max": 0.028197722087648976,
            "count": 1
          },
          "NIS": {
            "mean": 0.1940309187508483,
            "std": 0.0,
            "median": 0.1940309187508483,
            "min": 0.1940309187508483,
            "max": 0.1940309187508483,
            "count": 1
          }
        }
      }
    },
    "metrics": [
      {
        "Total_Time": 2.700666904449463,
        "Training_Time": 2.662977695465088,
        "Prediction_Time": 0.037689208984375,
        "RRMSE": 0.011550314976207161,
        "RMSE": 1.5298149280898343,
        "MSE": 2.3403337142065053,
        "NIS": 0.05961940048660205,
        "source_0_Total_Time": 2.700666904449463,
        "source_0_Training_Time": 2.662977695465088,
        "source_0_Prediction_Time": 0.037689208984375,
        "source_0_RRMSE": 0.011191694755373313,
        "source_0_RMSE": 0.5395959644652939,
        "source_0_MSE": 0.29116380486723076,
        "source_0_num_samples": 1250,
        "source_0_NIS": 0.0809852766958382,
        "source_1_Total_Time": 2.700666904449463,
        "source_1_Training_Time": 2.662977695465088,
        "source_1_Prediction_Time": 0.037689208984375,
        "source_1_RRMSE": 0.01105577131729818,
        "source_1_RMSE": 0.5262857521055327,
        "source_1_MSE": 0.2769766928692862,
        "source_1_num_samples": 1250,
        "source_1_NIS": 0.07893625724138849,
        "source_2_Total_Time": 2.700666904449463,
        "source_2_Training_Time": 2.662977695465088,
        "source_2_Prediction_Time": 0.037689208984375,
        "source_2_RRMSE": 0.01199439671561153,
        "source_2_RMSE": 0.7152939302337481,
        "source_2_MSE": 0.5116454066292421,
        "source_2_num_samples": 1250,
        "source_2_NIS": 0.06911101647005724,
        "source_3_Total_Time": 2.700666904449463,
        "source_3_Training_Time": 2.662977695465088,
        "source_3_Prediction_Time": 0.037689208984375,
        "source_3_RRMSE": 0.028197722087648976,
        "source_3_RMSE": 2.877768050496819,
        "source_3_MSE": 8.28154895246026,
        "source_3_num_samples": 1250,
        "source_3_NIS": 0.1940309187508483
      }
    ],
    "gp_model_info": {
      "model_str": "GPR(\n  (likelihood): MultiLikelihood(\n    (noise_covar): MultiNoise(\n      (raw_noise_constraint): GreaterThan(1.000E-04)\n    )\n  )\n  (mean_module): MultiMean(\n    (mean0): ZeroMean()\n    (mean1): ConstantMean(\n      (mean_prior): NormalPrior()\n    )\n    (mean2): ConstantMean(\n      (mean_prior): NormalPrior()\n    )\n    (mean3): ConstantMean(\n      (mean_prior): NormalPrior()\n    )\n  )\n  (covar_module): CombinedKernel(\n    (cont_kernel): GaussianKernel(\n      (raw_lengthscale_constraint): SoftClamp(-6.0, 3.0, margin=0.009999999776482582)\n    )\n    (source_kernel): GaussianKernel(\n      (raw_lengthscale_constraint): SoftClamp(-6.0, 3.0, margin=0.009999999776482582)\n    )\n    (source_encoder): MatrixEncoder()\n  )\n)",
      "cat_cols": [],
      "cont_cols": [
        0,
        1,
        2,
        3,
        4,
        5,
        6,
        7,
        8,
        9
      ],
      "source_cols": [
        10,
        11,
        12,
        13
      ],
      "qual_dict": {
        "10": 4
      },
      "input_dim": 14,
      "train_samples": [
        100,
        100,
        100,
        100
      ],
      "test_samples": [
        1250,
        1250,
        1250,
        1250
      ],
      "y_train_mean": 346.748782195016,
      "y_train_std": 130.77506696788038,
      "standardize_X_gp": true,
      "standardize_y_gp": true,
      "dtype": "torch.float64",
      "device": "cpu",
      "num_epochs": 10000,
      "num_runs": 1,
      "lr": 0.1,
      "optimizer": "Adam",
      "convergence_patience": 10,
      "initializer": null
    }
  },
  "tabpfn_data": {
    "summary": {
      "RRMSE": {
        "mean": 0.06266500743299996,
        "std": 0.0,
        "median": 0.06266500743299996,
        "min": 0.06266500743299996,
        "max": 0.06266500743299996,
        "count": 1
      },
      "NIS": {
        "mean": 0.7179521521566122,
        "std": 0.0,
        "median": 0.7179521521566122,
        "min": 0.7179521521566122,
        "max": 0.7179521521566122,
        "count": 1
      },
      "Time": {
        "mean": 0.4710514545440674,
        "std": 0.0,
        "median": 0.4710514545440674,
        "min": 0.4710514545440674,
        "max": 0.4710514545440674,
        "count": 1
      },
      "per_source": {
        "source_0": {
          "RRMSE": {
            "mean": 0.060635849065147206,
            "std": 0.0,
            "median": 0.060635849065147206,
            "min": 0.060635849065147206,
            "max": 0.060635849065147206,
            "count": 1
          },
          "NIS": {
            "mean": 1.8944036859469466,
            "std": 0.0,
            "median": 1.8944036859469466,
            "min": 1.8944036859469466,
            "max": 1.8944036859469466,
            "count": 1
          }
        },
        "source_1": {
          "RRMSE": {
            "mean": 0.033155356625754015,
            "std": 0.0,