{
  "gp_data": {
    "summary": {
      "RRMSE": {
        "mean": 0.0031462540755917883,
        "std": 2.0756280494997708e-05,
        "median": 0.003137997776986032,
        "min": 0.003132120569631957,
        "max": 0.0031769001787631318,
        "count": 4
      },
      "NIS": {
        "mean": 0.018545230348467,
        "std": 0.0008362307301241402,
        "median": 0.01848234430778157,
        "min": 0.01767802645420324,
        "max": 0.01953820632410162,
        "count": 4
      },
      "Total_Time": {
        "mean": 281.8224044442177,
        "std": 108.89775068352417,
        "median": 282.6602557897568,
        "min": 181.9488787651062,
        "max": 380.020227432251,
        "count": 4
      },
      "Training_Time": {
        "mean": 281.53781002759933,
        "std": 108.91837003443904,
        "median": 282.3875640630722,
        "min": 181.61912751197815,
        "max": 379.7569844722748,
        "count": 4
      },
      "Prediction_Time": {
        "mean": 0.28459441661834717,
        "std": 0.030436356391643143,
        "median": 0.2726917266845703,
        "min": 0.2632429599761963,
        "max": 0.32975125312805176,
        "count": 4
      }
    },
    "metrics": [
      {
        "Total_Time": 181.9488787651062,
        "Training_Time": 181.61912751197815,
        "Prediction_Time": 0.32975125312805176,
        "RRMSE": 0.003140930094867932,
        "RMSE": 0.15114010725192403,
        "MSE": 0.0228433320201231,
        "NIS": 0.01806288494659629
      },
      {
        "Total_Time": 380.020227432251,
        "Training_Time": 379.7569844722748,
        "Prediction_Time": 0.2632429599761963,
        "RRMSE": 0.0031350654591041317,
        "RMSE": 0.15085790368433027,
        "MSE": 0.022758107104030666,
        "NIS": 0.01767802645420324
      },
      {
        "Total_Time": 193.33718276023865,
        "Training_Time": 193.0638816356659,
        "Prediction_Time": 0.2733011245727539,
        "RRMSE": 0.003132120569631957,
        "RMSE": 0.1507161969614087,
        "MSE": 0.02271537202651014,
        "NIS": 0.018901803668966845
      },
      {
        "Total_Time": 371.9833288192749,
        "Training_Time": 371.7112464904785,
        "Prediction_Time": 0.2720823287963867,
        "RRMSE": 0.0031769001787631318,
        "RMSE": 0.15287097109593764,
        "MSE": 0.023369533803815,
        "NIS": 0.01953820632410162
      }
    ],
    "gp_model_info": {
      "model_str": "GPR(\n  (likelihood): LogGaussianLikelihood(\n    (noise_covar): LogScaleHomoskedasticNoise(\n      (raw_noise_constraint): SoftClamp(-7, 3, margin=0.01)\n    )\n  )\n  (mean_module): ConstantMean()\n  (covar_module): LogScaleKernel(\n    (base_kernel): GaussianKernel(\n      (raw_lengthscale_constraint): SoftClamp(-6, 3, margin=0.01)\n    )\n    (raw_outputscale_constraint): SoftClamp(-5, 3, margin=0.01)\n  )\n)",
      "cat_cols": [],
      "cont_cols": [
        0,
        1,
        2,
        3,
        4,
        5,
        6,
        7,
        8,
        9
      ],
      "source_cols": [],
      "qual_dict": {},
      "input_dim": 10,
      "train_samples": 800,
      "test_samples": 5000,
      "y_train_mean": 267.87628318406547,
      "y_train_std": 48.10634908300457,
      "standardize_X": true,
      "standardize_y": true,
      "dtype": "torch.float64",
      "device": "cpu",
      "num_epochs": 10000,
      "num_runs": 4,
      "lr": 0.1,
      "optimizer": "Adam",
      "convergence_patience": 50,
      "initializer": null
    }
  },
  "tabpfn_data": {
    "summary": {
      "RRMSE": {
        "mean": 0.03296319732027082,
        "std": 0.004533618711963761,
        "median": 0.03312541133643381,
        "min": 0.027526782380652485,
        "max": 0.03807518422756318,
        "count": 4
      },
      "NIS": {
        "mean": 0.239100262714358,
        "std": 0.04564944402876961,
        "median": 0.24580308399014722,
        "min": 0.17730159672281298,
        "max": 0.2874932861543246,
        "count": 4
      },
      "Time": {
        "mean": 0.5351895093917847,
        "std": 0.06188350946003935,
        "median": 0.5405006408691406,
        "min": 0.465956449508667,
        "max": 0.5938003063201904,
        "count": 4
      }
    },
    "metrics": [
      {
        "Time": 0.5938003063201904,
        "RRMSE": 0.03484608730335647,
        "RMSE": 1.6767776465144963,
        "MSE": 2.811583275850693,
        "NIS": 0.24517072400514636
      },
      {
        "Time": 0.465956449508667,
        "RRMSE": 0.031404735369511154,
        "RMSE": 1.5111813789557726,
        "MSE": 2.283669160102671,
        "NIS": 0.24643544397514805
      },
      {
        "Time": 0.5805246829986572,
        "RRMSE": 0.03807518422756318,
        "RMSE": 1.832160300922786,
        "MSE": 3.356811368277474,
        "NIS": 0.2874932861543246
      },
      {
        "Time": 0.500476598739624,
        "RRMSE": 0.027526782380652485,
        "RMSE": 1.3245760700341607,
        "MSE": 1.7545017653071415,
        "NIS": 0.17730159672281298
      }
    ],
    "pfn_model_info": {
      "model_path": "auto",
      "fit_mode": "fit_preprocessors",
      "device": "cuda",
      "inference_precision": "auto",
      "random_state": null,
      "use_autocast": true,
      "forced_inference_dtype": null
    }
  }
}