{
  "gp_data": {
    "summary": {
      "RRMSE": {
        "mean": 0.029989250770512177,
        "std": 0.0013441070703618246,
        "median": 0.029740003558008873,
        "min": 0.02863344092695376,
        "max": 0.0318435550390772,
        "count": 4
      },
      "NIS": {
        "mean": 0.1675787327744256,
        "std": 0.018635516812822966,
        "median": 0.16994218468007263,
        "min": 0.1426468277544244,
        "max": 0.18778373398313267,
        "count": 4
      },
      "Total_Time": {
        "mean": 52.982626140117645,
        "std": 21.33055902244302,
        "median": 52.7853467464447,
        "min": 33.366583585739136,
        "max": 72.99322748184204,
        "count": 4
      },
      "Training_Time": {
        "mean": 52.82545018196106,
        "std": 21.332114641966623,
        "median": 52.62807357311249,
        "min": 33.2008318901062,
        "max": 72.84482169151306,
        "count": 4
      },
      "Prediction_Time": {
        "mean": 0.1571759581565857,
        "std": 0.009191704978838356,
        "median": 0.15727317333221436,
        "min": 0.1484057903289795,
        "max": 0.16575169563293457,
        "count": 4
      }
    },
    "metrics": [
      {
        "Total_Time": 33.366583585739136,
        "Training_Time": 33.2008318901062,
        "Prediction_Time": 0.16575169563293457,
        "RRMSE": 0.02863344092695376,
        "RMSE": 1.377827968779862,
        "MSE": 1.8984099115520403,
        "NIS": 0.16929654970108157
      },
      {
        "Total_Time": 69.81013917922974,
        "Training_Time": 69.64569020271301,
        "Prediction_Time": 0.16444897651672363,
        "RRMSE": 0.0318435550390772,
        "RMSE": 1.5322971790274884,
        "MSE": 2.347934644855599,
        "NIS": 0.1705878196590637
      },
      {
        "Total_Time": 35.76055431365967,
        "Training_Time": 35.61045694351196,
        "Prediction_Time": 0.15009737014770508,
        "RRMSE": 0.029837364873735995,
        "RMSE": 1.4357602337281137,
        "MSE": 2.061407448755008,
        "NIS": 0.18778373398313267
      },
      {
        "Total_Time": 72.99322748184204,
        "Training_Time": 72.84482169151306,
        "Prediction_Time": 0.1484057903289795,
        "RRMSE": 0.02964264224228175,
        "RMSE": 1.4263902705282137,
        "MSE": 2.034589203857551,
        "NIS": 0.1426468277544244
      }
    ],
    "gp_model_info": {
      "model_str": "GPR(\n  (likelihood): LogGaussianLikelihood(\n    (noise_covar): LogScaleHomoskedasticNoise(\n      (raw_noise_constraint): SoftClamp(-7, 3, margin=0.01)\n    )\n  )\n  (mean_module): ConstantMean()\n  (covar_module): LogScaleKernel(\n    (base_kernel): GaussianKernel(\n      (raw_lengthscale_constraint): SoftClamp(-6, 3, margin=0.01)\n    )\n    (raw_outputscale_constraint): SoftClamp(-5, 3, margin=0.01)\n  )\n)",
      "cat_cols": [],
      "cont_cols": [
        0,
        1,
        2,
        3,
        4,
        5,
        6,
        7,
        8,
        9
      ],
      "source_cols": [],
      "qual_dict": {},
      "input_dim": 10,
      "train_samples": 100,
      "test_samples": 5000,
      "y_train_mean": 264.3903941433828,
      "y_train_std": 46.664901782867815,
      "standardize_X": true,
      "standardize_y": true,
      "dtype": "torch.float64",
      "device": "cpu",
      "num_epochs": 10000,
      "num_runs": 4,
      "lr": 0.1,
      "optimizer": "Adam",
      "convergence_patience": 50,
      "initializer": null
    }
  },
  "tabpfn_data": {
    "summary": {
      "RRMSE": {
        "mean": 0.06149374210870329,
        "std": 0.010962211452290743,
        "median": 0.05902097651026242,
        "min": 0.051006665725399275,
        "max": 0.07692634968888905,
        "count": 4
      },
      "NIS": {
        "mean": 0.30715505902218293,
        "std": 0.007936698445227373,
        "median": 0.3074383933505561,
        "min": 0.29715958285649946,
        "max": 0.31658386653112,
        "count": 4
      },
      "Time": {
        "mean": 0.4458822011947632,
        "std": 0.14686708802535797,
        "median": 0.39127564430236816,
        "min": 0.33812713623046875,
        "max": 0.6628503799438477,
        "count": 4
      }
    },
    "metrics": [
      {
        "Time": 0.6628503799438477,
        "RRMSE": 0.05875929677157601,
        "RMSE": 2.8274702549459474,
        "MSE": 7.994588042604101,
        "NIS": 0.31658386653112
      },
      {
        "Time": 0.33812713623046875,
        "RRMSE": 0.051006665725399275,
        "RMSE": 2.454417225297729,
        "MSE": 6.024163915838204,
        "NIS": 0.3074611433925405
      },
      {
        "Time": 0.3967404365539551,
        "RRMSE": 0.07692634968888905,
        "RMSE": 3.7016604608535784,
        "MSE": 13.702290167446726,
        "NIS": 0.3074156433085717
      },
      {
        "Time": 0.38581085205078125,
        "RRMSE": 0.05928265624894883,
        "RMSE": 2.852654071571056,
        "MSE": 8.137635252050924,
        "NIS": 0.29715958285649946
      }
    ],
    "pfn_model_info": {
      "model_path": "auto",
      "fit_mode": "fit_preprocessors",
      "device": "cuda",
      "inference_precision": "auto",
      "random_state": null,
      "use_autocast": true,
      "forced_inference_dtype": null
    }
  }
}