{
  "RRMSE": {
    "mean": 0.39226353054198315,
    "std": 0.06198991813189602,
    "median": 0.38254856505297874,
    "min": 0.2882611744703913,
    "max": 0.5351436461866544,
    "count": 20
  },
  "NIS": {
    "mean": 5.252615227666517,
    "std": 1.0213972398295057,
    "median": 5.01418349806046,
    "min": 2.9756800296077652,
    "max": 7.088513609787486,
    "count": 20
  },
  "Time": {
    "mean": 3.9121374011039736,
    "std": 1.766608123359498,
    "median": 4.067897319793701,
    "min": 0.46169257164001465,
    "max": 6.947300910949707,
    "count": 20
  }
}