{
  "RRMSE": {
    "mean": 0.7494506458771233,
    "std": 0.06475708761611433,
    "median": 0.7478465299941555,
    "min": 0.6440134845448636,
    "max": 0.8634117861866157,
    "count": 20
  },
  "NIS": {
    "mean": 21.8915779620946,
    "std": 2.2836766935281783,
    "median": 22.06876994744797,
    "min": 18.131222011739993,
    "max": 26.268217299769066,
    "count": 20
  },
  "Time": {
    "mean": 0.23384870290756227,
    "std": 0.043201686715672094,
    "median": 0.2225499153137207,
    "min": 0.2093827724456787,
    "max": 0.409196138381958,
    "count": 20
  }
}