{
  "gp_data": {
    "summary": {
      "RRMSE": {
        "mean": 0.42696809055633256,
        "std": 0.10112903300624686,
        "median": 0.3898224851593932,
        "min": 0.35294492011710094,
        "max": 0.5752824717894428,
        "count": 4
      },
      "NIS": {
        "mean": 2.2349677160612265,
        "std": 0.9574269439510913,
        "median": 1.8625014027164064,
        "min": 1.56473665346566,
        "max": 3.650131405346432,
        "count": 4
      },
      "Total_Time": {
        "mean": 51.85190510749817,
        "std": 26.963170566669685,
        "median": 46.40436899662018,
        "min": 26.84791898727417,
        "max": 87.75096344947815,
        "count": 4
      },
      "Training_Time": {
        "mean": 51.715042889118195,
        "std": 26.967019564416585,
        "median": 46.26829409599304,
        "min": 26.705031394958496,
        "max": 87.6185519695282,
        "count": 4
      },
      "Prediction_Time": {
        "mean": 0.13686221837997437,
        "std": 0.004388866901739432,
        "median": 0.13607490062713623,
        "min": 0.13241147994995117,
        "max": 0.14288759231567383,
        "count": 4
      }
    },
    "metrics": [
      {
        "Total_Time": 26.84791898727417,
        "Training_Time": 26.705031394958496,
        "Prediction_Time": 0.14288759231567383,
        "RRMSE": 0.5752824717894428,
        "RMSE": 11641.645940406168,
        "MSE": 135527920.2017754,
        "NIS": 3.650131405346432
      },
      {
        "Total_Time": 87.75096344947815,
        "Training_Time": 87.6185519695282,
        "Prediction_Time": 0.13241147994995117,
        "RRMSE": 0.37490493664615654,
        "RMSE": 7586.726082873597,
        "MSE": 57558412.65655455,
        "NIS": 1.7609169424926137
      },
      {
        "Total_Time": 36.21259069442749,
        "Training_Time": 36.076050758361816,
        "Prediction_Time": 0.13653993606567383,
        "RRMSE": 0.35294492011710094,
        "RMSE": 7142.33441475703,
        "MSE": 51012940.892222635,
        "NIS": 1.56473665346566
      },
      {
        "Total_Time": 56.596147298812866,
        "Training_Time": 56.46053743362427,
        "Prediction_Time": 0.13560986518859863,
        "RRMSE": 0.4047400336726299,
        "RMSE": 8190.481026248602,
        "MSE": 67083979.441338345,
        "NIS": 1.9640858629401992
      }
    ],
    "gp_model_info": {
      "model_str": "GPR(\n  (likelihood): LogGaussianLikelihood(\n    (noise_covar): LogScaleHomoskedasticNoise(\n      (raw_noise_constraint): SoftClamp(-7, 3, margin=0.01)\n    )\n  )\n  (mean_module): ConstantMean()\n  (covar_module): LogScaleKernel(\n    (base_kernel): GaussianKernel(\n      (raw_lengthscale_constraint): SoftClamp(-6, 3, margin=0.01)\n    )\n    (raw_outputscale_constraint): SoftClamp(-5, 3, margin=0.01)\n  )\n)",
      "cat_cols": [
        [
          1,
          2
        ],
        [
          3,
          4,
          5,
          6
        ],
        [
          7,
          8,
          9
        ]
      ],
      "cont_cols": [
        0
      ],
      "source_cols": [],
      "qual_dict": {
        "1": 2,
        "2": 4,
        "3": 3
      },
      "input_dim": 4,
      "train_samples": 40,
      "test_samples": 5000,
      "y_train_mean": 16273.495258531057,
      "y_train_std": 43567.16535347053,
      "standardize_X": true,
      "standardize_y": true,
      "dtype": "torch.float64",
      "device": "cpu",
      "num_epochs": 10000,
      "num_runs": 4,
      "lr": 0.1,
      "optimizer": "Adam",
      "convergence_patience": 10,
      "initializer": null
    }
  },
  "tabpfn_data": {
    "summary": {
      "RRMSE": {
        "mean": 0.5090898964713984,
        "std": 0.082187106945951,
        "median": 0.5172865006389162,
        "min": 0.4097400915160371,
        "max": 0.592046493091724,
        "count": 4
      },
      "NIS": {
        "mean": 9.470917191859263,
        "std": 6.034087988399153,
        "median": 7.552877860836039,
        "min": 4.888342897499895,
        "max": 17.889570148265072,
        "count": 4
      },
      "Time": {
        "mean": 0.36985844373703003,
        "std": 0.016287893326365734,
        "median": 0.36930692195892334,
        "min": 0.3534870147705078,
        "max": 0.3873329162597656,
        "count": 4
      }
    },
    "metrics": [
      {
        "Time": 0.35877370834350586,
        "RRMSE": 0.4097400915160371,
        "RMSE": 8291.664194429331,
        "MSE": 68751695.11318141,
        "NIS": 17.889570148265072
      },
      {
        "Time": 0.3873329162597656,
        "RRMSE": 0.592046493091724,
        "RMSE": 11980.889373169777,
        "MSE": 143541710.1721325,
        "NIS": 5.316899435090248
      },
      {
        "Time": 0.3534870147705078,
        "RRMSE": 0.4761914137234352,
        "RMSE": 9636.399699761263,
        "MSE": 92860199.17355897,
        "NIS": 9.788856286581831
      },
      {
        "Time": 0.3798401355743408,
        "RRMSE": 0.5583815875543972,
        "RMSE": 11299.632894654607,
        "MSE": 127681703.55396044,
        "NIS": 4.888342897499895
      }
    ],
    "pfn_model_info": {
      "model_path": "auto",
      "fit_mode": "fit_preprocessors",
      "device": "cuda",
      "inference_precision": "auto",
      "random_state": null,
      "use_autocast": true,
      "forced_inference_dtype": null
    }
  }
}