{
  "gp_data": {
    "summary": {
      "RRMSE": {
        "mean": 0.07533532925823724,
        "std": 0.012999677551728676,
        "median": 0.07733388726876214,
        "min": 0.059056794353686166,
        "max": 0.0876167481417385,
        "count": 4
      },
      "NIS": {
        "mean": 0.1863386653346038,
        "std": 0.04804247566965257,
        "median": 0.19742549486308947,
        "min": 0.11877900264187108,
        "max": 0.2317246689703652,
        "count": 4
      },
      "Total_Time": {
        "mean": 116.13477849960327,
        "std": 28.716100173892332,
        "median": 116.80219042301178,
        "min": 81.76201581954956,
        "max": 149.17271733283997,
        "count": 4
      },
      "Training_Time": {
        "mean": 115.96069860458374,
        "std": 28.71484574738954,
        "median": 116.63254690170288,
        "min": 81.5856122970581,
        "max": 148.9920883178711,
        "count": 4
      },
      "Prediction_Time": {
        "mean": 0.17407989501953125,
        "std": 0.0054826319212638325,
        "median": 0.17358529567718506,
        "min": 0.1685199737548828,
        "max": 0.18062901496887207,
        "count": 4
      }
    },
    "metrics": [
      {
        "Total_Time": 81.76201581954956,
        "Training_Time": 81.5856122970581,
        "Prediction_Time": 0.17640352249145508,
        "RRMSE": 0.059056794353686166,
        "RMSE": 1195.09688536561,
        "MSE": 1428256.5654105817,
        "NIS": 0.11877900264187108
      },
      {
        "Total_Time": 149.17271733283997,
        "Training_Time": 148.9920883178711,
        "Prediction_Time": 0.18062901496887207,
        "RRMSE": 0.0876167481417385,
        "RMSE": 1773.0475207128989,
        "MSE": 3143697.510706158,
        "NIS": 0.19221946575066098
      },
      {
        "Total_Time": 106.80318713188171,
        "Training_Time": 106.6324200630188,
        "Prediction_Time": 0.17076706886291504,
        "RRMSE": 0.08378223716129976,
        "RMSE": 1695.45082451944,
        "MSE": 2874553.498363649,
        "NIS": 0.20263152397551792
      },
      {
        "Total_Time": 126.80119371414185,
        "Training_Time": 126.63267374038696,
        "Prediction_Time": 0.1685199737548828,
        "RRMSE": 0.07088553737622452,
        "RMSE": 1434.4680550800294,
        "MSE": 2057698.601045082,
        "NIS": 0.2317246689703652
      }
    ],
    "gp_model_info": {
      "model_str": "GPR(\n  (likelihood): LogGaussianLikelihood(\n    (noise_covar): LogScaleHomoskedasticNoise(\n      (raw_noise_constraint): SoftClamp(-7, 3, margin=0.01)\n    )\n  )\n  (mean_module): ConstantMean()\n  (covar_module): LogScaleKernel(\n    (base_kernel): GaussianKernel(\n      (raw_lengthscale_constraint): SoftClamp(-6, 3, margin=0.01)\n    )\n    (raw_outputscale_constraint): SoftClamp(-5, 3, margin=0.01)\n  )\n)",
      "cat_cols": [
        [
          1,
          2
        ],
        [
          3,
          4,
          5,
          6
        ],
        [
          7,
          8,
          9
        ]
      ],
      "cont_cols": [
        0
      ],
      "source_cols": [],
      "qual_dict": {
        "1": 2,
        "2": 4,
        "3": 3
      },
      "input_dim": 4,
      "train_samples": 320,
      "test_samples": 5000,
      "y_train_mean": 10736.212888772345,
      "y_train_std": 15720.003733138836,
      "standardize_X": true,
      "standardize_y": true,
      "dtype": "torch.float64",
      "device": "cpu",
      "num_epochs": 10000,
      "num_runs": 4,
      "lr": 0.1,
      "optimizer": "Adam",
      "convergence_patience": 10,
      "initializer": null
    }
  },
  "tabpfn_data": {
    "summary": {
      "RRMSE": {
        "mean": 0.5181173424716344,
        "std": 0.09074784716914602,
        "median": 0.5226537924840681,
        "min": 0.4195987357639878,
        "max": 0.6075630491544136,
        "count": 4
      },
      "NIS": {
        "mean": 3.7483238520893614,
        "std": 1.6548868934002674,
        "median": 3.2905399424505695,
        "min": 2.385437525409751,
        "max": 6.026777998046557,
        "count": 4
      },
      "Time": {
        "mean": 0.36887162923812866,
        "std": 0.02963241121026305,
        "median": 0.3622938394546509,
        "min": 0.34041786193847656,
        "max": 0.41048097610473633,
        "count": 4
      }
    },
    "metrics": [
      {
        "Time": 0.41048097610473633,
        "RRMSE": 0.6075630491544136,
        "RMSE": 12294.888600948108,
        "MSE": 151164285.70972374,
        "NIS": 3.902098295887032
      },
      {
        "Time": 0.36413097381591797,
        "RRMSE": 0.5816364434438025,
        "RMSE": 11770.227449391386,
        "MSE": 138538254.21040645,
        "NIS": 6.026777998046557
      },
      {
        "Time": 0.3604567050933838,
        "RRMSE": 0.4636711415243337,
        "RMSE": 9383.034469344859,
        "MSE": 88041335.85291375,
        "NIS": 2.678981589014107
      },
      {
        "Time": 0.34041786193847656,
        "RRMSE": 0.4195987357639878,
        "RMSE": 8491.16765823219,
        "MSE": 72099928.20020834,
        "NIS": 2.385437525409751
      }
    ],
    "pfn_model_info": {
      "model_path": "auto",
      "fit_mode": "fit_preprocessors",
      "device": "cuda",
      "inference_precision": "auto",
      "random_state": null,
      "use_autocast": true,
      "forced_inference_dtype": null
    }
  }
}