{
  "RRMSE": {
    "mean": 0.2958788998956385,
    "std": 0.03586229438862575,
    "median": 0.28710049061188025,
    "min": 0.23552829692922492,
    "max": 0.3677892351614973,
    "count": 20
  },
  "NIS": {
    "mean": 3.4778203372789287,
    "std": 0.6755110195239078,
    "median": 3.5660473057732123,
    "min": 2.4921231313675207,
    "max": 4.54374459803601,
    "count": 20
  },
  "Time": {
    "mean": 10.715992188453674,
    "std": 4.352068227454494,
    "median": 10.130640864372253,
    "min": 4.432731628417969,
    "max": 20.667484998703003,
    "count": 20
  }
}