{
  "RRMSE": {
    "mean": 0.35370031574663474,
    "std": 0.05972404233809229,
    "median": 0.34113737663798416,
    "min": 0.26528418428932454,
    "max": 0.46632608817309834,
    "count": 20
  },
  "NIS": {
    "mean": 4.4565489628110635,
    "std": 1.0091896924067236,
    "median": 4.255520659208212,
    "min": 3.1678749836482636,
    "max": 6.508727328507294,
    "count": 20
  },
  "Time": {
    "mean": 6.971658253669739,
    "std": 3.4096007941205997,
    "median": 7.382689833641052,
    "min": 0.4300038814544678,
    "max": 12.82863712310791,
    "count": 20
  }
}