{
  "RRMSE": {
    "mean": 0.29023811051123805,
    "std": 0.051618234810995645,
    "median": 0.2865980689763265,
    "min": 0.21584612415245233,
    "max": 0.37998239035715553,
    "count": 20
  },
  "NIS": {
    "mean": 3.3794692930537473,
    "std": 1.0002487954763053,
    "median": 3.427002613377498,
    "min": 1.6612402511285913,
    "max": 5.0303647527074355,
    "count": 20
  },
  "Time": {
    "mean": 3.1827210783958435,
    "std": 2.24446893588838,
    "median": 2.5487608909606934,
    "min": 1.9661815166473389,
    "max": 12.279825210571289,
    "count": 20
  },
  "model_info": {
    "model_str": "GPR(\n  (likelihood): GaussianLikelihood(\n    (noise_covar): HomoskedasticNoise(\n      (raw_noise_constraint): GreaterThan(1.000E-04)\n    )\n  )\n  (mean_module): ConstantMean()\n  (covar_module): CombinedKernel(\n    (cat_kernel): GaussianKernel(\n      (raw_lengthscale_constraint): SoftClamp(-6.0, 3.0, margin=0.009999999776482582)\n    )\n    (cat_encoder_0): MatrixEncoder()\n    (cat_encoder_1): MatrixEncoder()\n    (cat_encoder_2): MatrixEncoder()\n  )\n)",
    "cont_cols": [],
    "cat_cols": [
      [
        0,
        1,
        2,
        3,
        4,
        5,
        6,
        7,
        8,
        9
      ],
      [
        10,
        11,
        12,
        13,
        14,
        15,
        16,
        17,
        18,
        19,
        20,
        21
      ],
      [
        22,
        23
      ]
    ],
    "source_cols": [],
    "qual_dict": {
      "0": 10,
      "1": 12,
      "2": 2
    },
    "input_dim": 24,
    "train_samples": 178,
    "test_samples": 45,
    "y_train_mean": 163.18539325842696,
    "y_train_std": 38.77640394559325,
    "dtype": "torch.float64",
    "device": "cpu",
    "num_epochs": 10000,
    "num_runs": 16,
    "lr": 0.1,
    "optimizer": "Adam",
    "convergence_patience": 10,
    "initializer": "DefaultParameterInitializer"
  }
}