{
  "RRMSE": {
    "mean": 0.27349540816613477,
    "std": 0.03854355195992265,
    "median": 0.2645657906122886,
    "min": 0.20308654255362243,
    "max": 0.3571361124164196,
    "count": 20
  },
  "NIS": {
    "mean": 7.608128582040105,
    "std": 1.090263268047307,
    "median": 7.478100594386337,
    "min": 5.605650748746044,
    "max": 10.117283005252181,
    "count": 20
  },
  "Time": {
    "mean": 0.2835573196411133,
    "std": 0.17001025452928276,
    "median": 0.24837207794189453,
    "min": 0.2175886631011963,
    "max": 0.9997649192810059,
    "count": 20
  }
}