{
  "RRMSE": {
    "mean": 0.3139089338034521,
    "std": 0.05021165954650964,
    "median": 0.30336258537597627,
    "min": 0.24297147163318258,
    "max": 0.43033610915659515,
    "count": 20
  },
  "NIS": {
    "mean": 3.9579110863456592,
    "std": 0.9470701520619748,
    "median": 3.8771624182111655,
    "min": 2.3891258194956313,
    "max": 6.275802956393806,
    "count": 20
  },
  "Time": {
    "mean": 1.6872210025787353,
    "std": 0.36345141926285784,
    "median": 1.6441179513931274,
    "min": 1.2839341163635254,
    "max": 2.7824347019195557,
    "count": 20
  }
}