{
  "RRMSE": {
    "mean": 0.29023811051123805,
    "std": 0.051618234810995645,
    "median": 0.2865980689763265,
    "min": 0.21584612415245233,
    "max": 0.37998239035715553,
    "count": 20
  },
  "NIS": {
    "mean": 3.3794692930537473,
    "std": 1.0002487954763053,
    "median": 3.427002613377498,
    "min": 1.6612402511285913,
    "max": 5.0303647527074355,
    "count": 20
  },
  "Time": {
    "mean": 3.242135226726532,
    "std": 2.1041420008858966,
    "median": 2.7624300718307495,
    "min": 1.9050767421722412,
    "max": 11.654358148574829,
    "count": 20
  }
}