{
  "RRMSE": {
    "mean": 0.4498630220284639,
    "std": 0.11131831526800214,
    "median": 0.41397378594010564,
    "min": 0.3092710345099365,
    "max": 0.6956529587192933,
    "count": 20
  },
  "NIS": {
    "mean": 8.220169959730985,
    "std": 2.7335252313550367,
    "median": 7.542090637620018,
    "min": 4.2244580140674355,
    "max": 14.264257995977568,
    "count": 20
  },
  "Time": {
    "mean": 0.9737722754478455,
    "std": 0.17639983944089901,
    "median": 0.9275966882705688,
    "min": 0.71189284324646,
    "max": 1.2741074562072754,
    "count": 20
  }
}