{
  "RRMSE": {
    "mean": 0.312352789226227,
    "std": 0.06427386177008339,
    "median": 0.30828311837213057,
    "min": 0.2256972084660252,
    "max": 0.4677298542167716,
    "count": 20
  },
  "NIS": {
    "mean": 3.2768479658346195,
    "std": 0.9721395901113566,
    "median": 3.0301374555654084,
    "min": 1.2124272240917422,
    "max": 4.853489912535592,
    "count": 20
  },
  "Time": {
    "mean": 13.174401724338532,
    "std": 7.226306354195648,
    "median": 11.723274230957031,
    "min": 5.092051267623901,
    "max": 37.187345027923584,
    "count": 20
  }
}