{
  "RRMSE": {
    "mean": 0.33654523606545605,
    "std": 0.03552162216915469,
    "median": 0.3368251347233814,
    "min": 0.24827366007470808,
    "max": 0.3909396424403012,
    "count": 20
  },
  "NIS": {
    "mean": 9.42029827413234,
    "std": 1.2396711084864538,
    "median": 9.27613917262573,
    "min": 6.480328507633813,
    "max": 11.636650912497634,
    "count": 20
  },
  "Time": {
    "mean": 0.24905962944030763,
    "std": 0.033119316299894,
    "median": 0.23701369762420654,
    "min": 0.21436333656311035,
    "max": 0.356234073638916,
    "count": 20
  }
}