{
  "RRMSE": {
    "mean": 0.3281225968387648,
    "std": 0.033958446014468784,
    "median": 0.3301037656454724,
    "min": 0.25341723396984084,
    "max": 0.40037716365429726,
    "count": 20
  },
  "NIS": {
    "mean": 8.987134170530888,
    "std": 1.0514145783276108,
    "median": 8.896864777047028,
    "min": 6.915062484611099,
    "max": 11.799949182549131,
    "count": 20
  },
  "Time": {
    "mean": 0.22500123977661132,
    "std": 0.01731678014845703,
    "median": 0.21762824058532715,
    "min": 0.1910860538482666,
    "max": 0.2529120445251465,
    "count": 20
  }
}