{
  "RRMSE": {
    "mean": 0.2868410691979206,
    "std": 0.04491734920591898,
    "median": 0.28411437807140805,
    "min": 0.2194220124870519,
    "max": 0.4348442185733422,
    "count": 20
  },
  "NIS": {
    "mean": 3.4479955378420604,
    "std": 0.8606352746540308,
    "median": 3.2810695597390147,
    "min": 2.113644847324471,
    "max": 5.6930590308792235,
    "count": 20
  },
  "Time": {
    "mean": 1.6760518670082092,
    "std": 0.2512947110991288,
    "median": 1.6641722917556763,
    "min": 1.291377067565918,
    "max": 2.194293737411499,
    "count": 20
  }
}