{
  "RRMSE": {
    "mean": 0.3281225968387648,
    "std": 0.033958446014468784,
    "median": 0.3301037656454724,
    "min": 0.25341723396984084,
    "max": 0.40037716365429726,
    "count": 20
  },
  "NIS": {
    "mean": 8.987134170530888,
    "std": 1.0514145783276108,
    "median": 8.896864777047028,
    "min": 6.915062484611099,
    "max": 11.799949182549131,
    "count": 20
  },
  "Time": {
    "mean": 0.22929035425186156,
    "std": 0.030038207265725963,
    "median": 0.22301721572875977,
    "min": 0.19812250137329102,
    "max": 0.3326733112335205,
    "count": 20
  }
}