{
  "gp_data": {
    "summary": {
      "RRMSE": {
        "mean": 0.5121074978097953,
        "std": 0.032901822614013546,
        "median": 0.5121074978097953,
        "min": 0.48884239592602935,
        "max": 0.5353725996935611,
        "count": 2
      },
      "NIS": {
        "mean": 7.242809363398642,
        "std": 1.0341593782826146,
        "median": 7.242809363398642,
        "min": 6.511548254187342,
        "max": 7.974070472609943,
        "count": 2
      },
      "Total_Time": {
        "mean": 10.923190593719482,
        "std": 14.938525951628188,
        "median": 10.923190593719482,
        "min": 0.3600575923919678,
        "max": 21.486323595046997,
        "count": 2
      },
      "Training_Time": {
        "mean": 10.655454158782959,
        "std": 14.650533501180156,
        "median": 10.655454158782959,
        "min": 0.2959625720977783,
        "max": 21.01494574546814,
        "count": 2
      },
      "Prediction_Time": {
        "mean": 0.26773643493652344,
        "std": 0.2879924504480317,
        "median": 0.26773643493652344,
        "min": 0.06409502029418945,
        "max": 0.4713778495788574,
        "count": 2
      }
    },
    "metrics": [
      {
        "Total_Time": 21.486323595046997,
        "Training_Time": 21.01494574546814,
        "Prediction_Time": 0.4713778495788574,
        "RRMSE": 0.48884239592602935,
        "RMSE": 2.1606744434021175,
        "MSE": 4.66851405037105,
        "NIS": 7.974070472609943
      },
      {
        "Total_Time": 0.3600575923919678,
        "Training_Time": 0.2959625720977783,
        "Prediction_Time": 0.06409502029418945,
        "RRMSE": 0.5353725996935611,
        "RMSE": 2.3663370924781026,
        "MSE": 5.599551235237721,
        "NIS": 6.511548254187342
      }
    ],
    "gp_model_info": {
      "model_str": "GPR(\n  (likelihood): GaussianLikelihood(\n    (noise_covar): HomoskedasticNoise(\n      (raw_noise_constraint): GreaterThan(1.000E-04)\n    )\n  )\n  (mean_module): ConstantMean()\n  (covar_module): CombinedKernel(\n    (cat_kernel): GaussianKernel(\n      (raw_lengthscale_constraint): SoftClamp(-6.0, 3.0, margin=0.009999999776482582)\n    )\n    (cat_encoder_0): MatrixEncoder()\n    (cat_encoder_1): MatrixEncoder()\n    (cat_encoder_2): MatrixEncoder()\n    (cat_encoder_3): MatrixEncoder()\n    (cat_encoder_4): MatrixEncoder()\n    (cat_encoder_5): MatrixEncoder()\n    (cat_encoder_6): MatrixEncoder()\n    (cat_encoder_7): MatrixEncoder()\n    (cat_encoder_8): MatrixEncoder()\n    (cat_encoder_9): MatrixEncoder()\n  )\n)",
      "cat_cols": [
        [
          0,
          1
        ],
        [
          2,
          3,
          4
        ],
        [
          5,
          6,
          7
        ],
        [
          8,
          9,
          10
        ],
        [
          11,
          12,
          13
        ],
        [
          14,
          15,
          16
        ],
        [
          17,
          18,
          19
        ],
        [
          20,
          21,
          22
        ],
        [
          23,
          24,
          25
        ],
        [
          26,
          27,
          28
        ]
      ],
      "cont_cols": [],
      "source_cols": [],
      "qual_dict": {
        "0": 2,
        "1": 3,
        "2": 3,
        "3": 3,
        "4": 3,
        "5": 3,
        "6": 3,
        "7": 3,
        "8": 3,
        "9": 3
      },
      "input_dim": 29,
      "train_samples": 100,
      "test_samples": 5000,
      "y_train_mean": -0.12541907764971255,
      "y_train_std": 4.498723659827076,
      "standardize_X_gp": "All categorical",
      "standardize_y_gp": false,
      "dtype": "torch.float64",
      "device": "cpu",
      "num_epochs": 10000,
      "num_runs": 4,
      "lr": 0.1,
      "optimizer": "Adam",
      "convergence_patience": 10,
      "initializer": null
    }
  },
  "tabpfn_data": {
    "summary": {
      "RRMSE": {
        "mean": 0.3891524383199755,
        "std": 0.009812378847716494,
        "median": 0.3891524383199755,
        "min": 0.3822140386971837,
        "max": 0.3960908379427672,
        "count": 2
      },
      "NIS": {
        "mean": 6.0927816891602,
        "std": 0.9829078706632006,
        "median": 6.0927816891602,
        "min": 5.39776086853262,
        "max": 6.787802509787778,
        "count": 2
      },
      "Time": {
        "mean": 0.7285974025726318,
        "std": 0.815616708663543,
        "median": 0.7285974025726318,
        "min": 0.1518692970275879,
        "max": 1.3053255081176758,
        "count": 2
      }
    },
    "metrics": [
      {
        "Time": 1.3053255081176758,
        "RRMSE": 0.3822140386971837,
        "RMSE": 1.6893790559186221,
        "MSE": 2.854001594576495,
        "NIS": 5.39776086853262
      },
      {
        "Time": 0.1518692970275879,
        "RRMSE": 0.3960908379427672,
        "RMSE": 1.7507142546166727,
        "MSE": 3.065000401318012,
        "NIS": 6.787802509787778
      }
    ],
    "pfn_model_info": {
      "model_path": "auto",
      "fit_mode": "fit_preprocessors",
      "device": "cuda",
      "inference_precision": "auto",
      "random_state": null,
      "use_autocast": true,
      "forced_inference_dtype": null,
      "encoded_data": false
    }
  }
}