{
  "gp_data": {
    "summary": {
      "RRMSE": {
        "mean": 0.0011972696620798427,
        "std": 7.046753066107082e-05,
        "median": 0.0011925900383680582,
        "min": 0.0011198667044807463,
        "max": 0.0012840318671025086,
        "count": 4
      },
      "NIS": {
        "mean": 0.005728450775050935,
        "std": 0.0005867226789962303,
        "median": 0.00557286692021441,
        "min": 0.005226768221128899,
        "max": 0.006541301038646024,
        "count": 4
      },
      "Total_Time": {
        "mean": 188.04824763536453,
        "std": 94.46149364549908,
        "median": 186.39219212532043,
        "min": 99.60076832771301,
        "max": 279.80783796310425,
        "count": 4
      },
      "Training_Time": {
        "mean": 187.806591629982,
        "std": 94.47037378561109,
        "median": 186.1574877500534,
        "min": 99.3390691280365,
        "max": 279.57232189178467,
        "count": 4
      },
      "Prediction_Time": {
        "mean": 0.24165600538253784,
        "std": 0.01341644998408132,
        "median": 0.23581063747406006,
        "min": 0.23330354690551758,
        "max": 0.26169919967651367,
        "count": 4
      }
    },
    "metrics": [
      {
        "Total_Time": 99.60076832771301,
        "Training_Time": 99.3390691280365,
        "Prediction_Time": 0.26169919967651367,
        "RRMSE": 0.0011198667044807463,
        "RMSE": 0.05106314143974595,
        "MSE": 0.0026074444136954997,
        "NIS": 0.005226768221128899
      },
      {
        "Total_Time": 258.9203152656555,
        "Training_Time": 258.68701171875,
        "Prediction_Time": 0.23330354690551758,
        "RRMSE": 0.0012840318671025086,
        "RMSE": 0.05854866528369382,
        "MSE": 0.003427946206502014,
        "NIS": 0.006541301038646024
      },
      {
        "Total_Time": 113.86406898498535,
        "Training_Time": 113.62796378135681,
        "Prediction_Time": 0.23610520362854004,
        "RRMSE": 0.0011667605705961853,
        "RMSE": 0.053201385311564126,
        "MSE": 0.002830387399069511,
        "NIS": 0.005383252972365614
      },
      {
        "Total_Time": 279.80783796310425,
        "Training_Time": 279.57232189178467,
        "Prediction_Time": 0.23551607131958008,
        "RRMSE": 0.0012184195061399308,
        "RMSE": 0.05555690451911134,
        "MSE": 0.0030865696397456544,
        "NIS": 0.005762480868063206
      }
    ],
    "gp_model_info": {
      "model_str": "GPR(\n  (likelihood): LogGaussianLikelihood(\n    (noise_covar): LogScaleHomoskedasticNoise(\n      (raw_noise_constraint): SoftClamp(-7, 3, margin=0.01)\n    )\n  )\n  (mean_module): ConstantMean()\n  (covar_module): LogScaleKernel(\n    (base_kernel): GaussianKernel(\n      (raw_lengthscale_constraint): SoftClamp(-6, 3, margin=0.01)\n    )\n    (raw_outputscale_constraint): SoftClamp(-5, 3, margin=0.01)\n  )\n)",
      "cat_cols": [],
      "cont_cols": [
        0,
        1,
        2,
        3,
        4,
        5,
        6,
        7
      ],
      "source_cols": [],
      "qual_dict": {},
      "input_dim": 8,
      "train_samples": 640,
      "test_samples": 5000,
      "y_train_mean": 79.82904078933682,
      "y_train_std": 47.54494828275425,
      "standardize_X": true,
      "standardize_y": true,
      "dtype": "torch.float64",
      "device": "cpu",
      "num_epochs": 10000,
      "num_runs": 4,
      "lr": 0.1,
      "optimizer": "Adam",
      "convergence_patience": 10,
      "initializer": null
    }
  },
  "tabpfn_data": {
    "summary": {
      "RRMSE": {
        "mean": 0.03758574888923628,
        "std": 0.0078440992146274,
        "median": 0.0341588754135057,
        "min": 0.032739333310206065,
        "max": 0.04928591141972764,
        "count": 4
      },
      "NIS": {
        "mean": 0.17550890213697984,
        "std": 0.08137085145149546,
        "median": 0.16085354129705778,
        "min": 0.09508641118726074,
        "max": 0.28524211476654293,
        "count": 4
      },
      "Time": {
        "mean": 0.44502323865890503,
        "std": 0.05630789814486758,
        "median": 0.4485898017883301,
        "min": 0.38165831565856934,
        "max": 0.5012550354003906,
        "count": 4
      }
    },
    "metrics": [
      {
        "Time": 0.4146106243133545,
        "RRMSE": 0.032739333310206065,
        "RMSE": 1.4928323172508258,
        "MSE": 2.22854832742847,
        "NIS": 0.09508641118726074
      },
      {
        "Time": 0.38165831565856934,
        "RRMSE": 0.04928591141972764,
        "RMSE": 2.247315198980998,
        "MSE": 5.050425603571003,
        "NIS": 0.28524211476654293
      },
      {
        "Time": 0.48256897926330566,
        "RRMSE": 0.034759377963392936,
        "RMSE": 1.5849413382866033,
        "MSE": 2.512039045809729,
        "NIS": 0.13934851641257062
      },
      {
        "Time": 0.5012550354003906,
        "RRMSE": 0.033558372863618464,
        "RMSE": 1.5301784874631421,
        "MSE": 2.3414462034949897,
        "NIS": 0.18235856618154495
      }
    ],
    "pfn_model_info": {
      "model_path": "auto",
      "fit_mode": "fit_preprocessors",
      "device": "cuda",
      "inference_precision": "auto",
      "random_state": null,
      "use_autocast": true,
      "forced_inference_dtype": null
    }
  }
}