{
  "gp_data": {
    "summary": {
      "RRMSE": {
        "mean": 0.36959345747269107,
        "std": 0.0,
        "median": 0.36959345747269107,
        "min": 0.36959345747269107,
        "max": 0.36959345747269107,
        "count": 1
      },
      "NIS": {
        "mean": 4.309186408895931,
        "std": 0.0,
        "median": 4.309186408895931,
        "min": 4.309186408895931,
        "max": 4.309186408895931,
        "count": 1
      },
      "Total_Time": {
        "mean": 42.53388738632202,
        "std": 0.0,
        "median": 42.53388738632202,
        "min": 42.53388738632202,
        "max": 42.53388738632202,
        "count": 1
      },
      "Training_Time": {
        "mean": 42.52688717842102,
        "std": 0.0,
        "median": 42.52688717842102,
        "min": 42.52688717842102,
        "max": 42.52688717842102,
        "count": 1
      },
      "Prediction_Time": {
        "mean": 0.0070002079010009766,
        "std": 0.0,
        "median": 0.0070002079010009766,
        "min": 0.0070002079010009766,
        "max": 0.0070002079010009766,
        "count": 1
      }
    },
    "metrics": [
      {
        "Total_Time": 42.53388738632202,
        "Training_Time": 42.52688717842102,
        "Prediction_Time": 0.0070002079010009766,
        "RRMSE": 0.36959345747269107,
        "RMSE": 15.261301093394225,
        "MSE": 232.9073110632358,
        "NIS": 4.309186408895931
      }
    ],
    "gp_model_info": {
      "model_str": "GPR(\n  (likelihood): LogGaussianLikelihood(\n    (noise_covar): LogScaleHomoskedasticNoise(\n      (raw_noise_constraint): SoftClamp(-7, 3, margin=0.01)\n    )\n  )\n  (mean_module): ConstantMean()\n  (covar_module): CombinedKernel(\n    (cat_kernel): GaussianKernel(\n      (raw_lengthscale_constraint): SoftClamp(-6, 3, margin=0.01)\n    )\n    (cat_encoder_0): MatrixEncoder()\n    (cat_encoder_1): MatrixEncoder()\n    (cat_encoder_2): MatrixEncoder()\n  )\n)",
      "cont_cols": [],
      "cat_cols": [
        [
          0,
          1,
          2,
          3,
          4,
          5,
          6,
          7,
          8,
          9
        ],
        [
          10,
          11,
          12,
          13,
          14,
          15,
          16,
          17,
          18,
          19,
          20,
          21
        ],
        [
          22,
          23
        ]
      ],
      "source_cols": [],
      "qual_dict": {
        "0": 10,
        "1": 12,
        "2": 2
      },
      "input_dim": 24,
      "train_samples": 178,
      "test_samples": 45,
      "y_train_mean": 163.18539325842696,
      "y_train_std": 38.77640394559325,
      "standardize_X_gp": "All categorical",
      "standardize_y_gp": true,
      "dtype": "torch.float64",
      "device": "cpu",
      "num_epochs": 10000,
      "num_runs": 1,
      "lr": 0.1,
      "optimizer": "Adam",
      "convergence_patience": 10,
      "initializer": null
    }
  },
  "tabpfn_data": {
    "summary": {
      "RRMSE": {
        "mean": 0.4343362041665487,
        "std": 0.0,
        "median": 0.4343362041665487,
        "min": 0.4343362041665487,
        "max": 0.4343362041665487,
        "count": 1
      },
      "NIS": {
        "mean": 11.24845224288739,
        "std": 0.0,
        "median": 11.24845224288739,
        "min": 11.24845224288739,
        "max": 11.24845224288739,
        "count": 1
      },
      "Time": {
        "mean": 0.3644087314605713,
        "std": 0.0,
        "median": 0.3644087314605713,
        "min": 0.3644087314605713,
        "max": 0.3644087314605713,
        "count": 1
      }
    },
    "metrics": [
      {
        "Time": 0.3644087314605713,
        "RRMSE": 0.4343362041665487,
        "RMSE": 17.934667006483533,
        "MSE": 321.65228063344904,
        "NIS": 11.24845224288739
      }
    ],
    "pfn_model_info": {
      "model_path": "auto",
      "fit_mode": "fit_preprocessors",
      "device": "cuda",
      "inference_precision": "auto",
      "random_state": null,
      "use_autocast": true,
      "forced_inference_dtype": null,
      "encoded_data": false
    }
  }
}