{
  "RRMSE": {
    "mean": 0.44649724561493265,
    "std": 0.12654843071029487,
    "median": 0.3912758531834144,
    "min": 0.3020147080135407,
    "max": 0.8188528341587494,
    "count": 20
  },
  "NIS": {
    "mean": 6.601269369252078,
    "std": 2.803045990782522,
    "median": 5.512883399248977,
    "min": 3.5548437486082376,
    "max": 14.348530424983242,
    "count": 20
  },
  "Time": {
    "mean": 4.249802827835083,
    "std": 3.0342105782588003,
    "median": 4.073922276496887,
    "min": 0.3113441467285156,
    "max": 10.365659475326538,
    "count": 20
  }
}