{
  "RRMSE": {
    "mean": 0.7153931469094232,
    "std": 0.07070228430407176,
    "median": 0.7029410353715039,
    "min": 0.5971599833958209,
    "max": 0.8338268039530088,
    "count": 20
  },
  "NIS": {
    "mean": 20.80078733573092,
    "std": 2.6501655770661237,
    "median": 20.57174640618244,
    "min": 16.086805803294375,
    "max": 24.56119467071994,
    "count": 20
  },
  "Time": {
    "mean": 0.22035025358200072,
    "std": 0.014475604362111046,
    "median": 0.21875262260437012,
    "min": 0.19745206832885742,
    "max": 0.25275349617004395,
    "count": 20
  }
}