{
  "gp_data": {
    "summary": {
      "RRMSE": {
        "mean": 0.5030989681685676,
        "std": 0.0,
        "median": 0.5030989681685676,
        "min": 0.5030989681685676,
        "max": 0.5030989681685676,
        "count": 1
      },
      "NIS": {
        "mean": 2.932650380873719,
        "std": 0.0,
        "median": 2.932650380873719,
        "min": 2.932650380873719,
        "max": 2.932650380873719,
        "count": 1
      },
      "Total_Time": {
        "mean": 18.39615035057068,
        "std": 0.0,
        "median": 18.39615035057068,
        "min": 18.39615035057068,
        "max": 18.39615035057068,
        "count": 1
      },
      "Training_Time": {
        "mean": 18.108081579208374,
        "std": 0.0,
        "median": 18.108081579208374,
        "min": 18.108081579208374,
        "max": 18.108081579208374,
        "count": 1
      },
      "Prediction_Time": {
        "mean": 0.2880687713623047,
        "std": 0.0,
        "median": 0.2880687713623047,
        "min": 0.2880687713623047,
        "max": 0.2880687713623047,
        "count": 1
      },
      "per_source": {
        "source_0": {
          "RRMSE": {
            "mean": 0.3182438710208429,
            "std": 0.0,
            "median": 0.3182438710208429,
            "min": 0.3182438710208429,
            "max": 0.3182438710208429,
            "count": 1
          },
          "NIS": {
            "mean": 1.7363504730789194,
            "std": 0.0,
            "median": 1.7363504730789194,
            "min": 1.7363504730789194,
            "max": 1.7363504730789194,
            "count": 1
          }
        },
        "source_1": {
          "RRMSE": {
            "mean": 0.5360737341462934,
            "std": 0.0,
            "median": 0.5360737341462934,
            "min": 0.5360737341462934,
            "max": 0.5360737341462934,
            "count": 1
          },
          "NIS": {
            "mean": 3.9515986930496636,
            "std": 0.0,
            "median": 3.9515986930496636,
            "min": 3.9515986930496636,
            "max": 3.9515986930496636,
            "count": 1
          }
        }
      }
    },
    "metrics": [
      {
        "Total_Time": 18.39615035057068,
        "Training_Time": 18.108081579208374,
        "Prediction_Time": 0.2880687713623047,
        "RRMSE": 0.5030989681685676,
        "RMSE": 18922.176367019005,
        "MSE": 358048758.4645726,
        "NIS": 2.932650380873719,
        "source_0_Total_Time": 18.39615035057068,
        "source_0_Training_Time": 18.108081579208374,
        "source_0_Prediction_Time": 0.2880687713623047,
        "source_0_RRMSE": 0.3182438710208429,
        "source_0_RMSE": 4886.2626440269905,
        "source_0_MSE": 23875562.626413636,
        "source_0_num_samples": 2500,
        "source_0_NIS": 1.7363504730789194,
        "source_1_Total_Time": 18.39615035057068,
        "source_1_Training_Time": 18.108081579208374,
        "source_1_Prediction_Time": 0.2880687713623047,
        "source_1_RRMSE": 0.5360737341462934,
        "source_1_RMSE": 26310.11125599304,
        "source_1_MSE": 692221954.3027316,
        "source_1_num_samples": 2500,
        "source_1_NIS": 3.9515986930496636
      }
    ],
    "gp_model_info": {
      "model_str": "GPR(\n  (likelihood): MultiLikelihood(\n    (noise_covar): MultiNoise(\n      (raw_noise_constraint): GreaterThan(1.000E-04)\n    )\n  )\n  (mean_module): MultiMean(\n    (mean0): ZeroMean()\n    (mean1): ConstantMean(\n      (mean_prior): NormalPrior()\n    )\n  )\n  (covar_module): CombinedKernel(\n    (cont_kernel): GaussianKernel(\n      (raw_lengthscale_constraint): SoftClamp(-6, 3, margin=0.01)\n    )\n    (source_kernel): GaussianKernel(\n      (raw_lengthscale_constraint): SoftClamp(-6, 3, margin=0.01)\n    )\n    (source_encoder): MatrixEncoder()\n  )\n)",
      "cat_cols": [],
      "cont_cols": [
        0,
        1,
        2,
        3
      ],
      "source_cols": [
        4,
        5
      ],
      "qual_dict": {
        "4": 2
      },
      "input_dim": 6,
      "train_samples": [
        40,
        40
      ],
      "test_samples": [
        2500,
        2500
      ],
      "y_train_mean": 18751.41732060652,
      "y_train_std": 27039.879819216025,
      "standardize_X": true,
      "standardize_y": true,
      "dtype": "torch.float64",
      "device": "cpu",
      "num_epochs": 10000,
      "num_runs": 2,
      "lr": 0.1,
      "optimizer": "Adam",
      "convergence_patience": 10,
      "initializer": null
    }
  },
  "tabpfn_data": {
    "summary": {
      "RRMSE": {
        "mean": 0.6451276750423512,
        "std": 0.0,
        "median": 0.6451276750423512,
        "min": 0.6451276750423512,
        "max": 0.6451276750423512,
        "count": 1
      },
      "NIS": {
        "mean": 4.977643617705647,
        "std": 0.0,
        "median": 4.977643617705647,
        "min": 4.977643617705647,
        "max": 4.977643617705647,
        "count": 1
      },
      "Time": {
        "mean": 0.35002827644348145,
        "std": 0.0,
        "median": 0.35002827644348145,
        "min": 0.35002827644348145,
        "max": 0.35002827644348145,
        "count": 1
      },
      "per_source": {
        "source_0": {
          "RRMSE": {
            "mean": 0.18878948924659503,
            "std": 0.0,
            "median": 0.18878948924659503,
            "min": 0.18878948924659503,
            "max": 0.18878948924659503,
            "count": 1
          },
          "NIS": {
            "mean": 2.104932849056001,
            "std": 0.0,
            "median": 2.104932849056001,
            "min": 2.104932849056001,
            "max": 2.104932849056001,
            "count": 1
          }
        },
        "source_1": {
          "RRMSE": {
            "mean": 0.6966668356460036,
            "std": 0.0,
            "median": 0.6966668356460036,
            "min": 0.6966668356460036,
            "max": 0.6966668356460036,
            "count": 1
          },
          "NIS": {
            "mean": 6.970598223145351,
            "std": 0.0,
            "median": 6.970598223145351,
            "min": 6.970598223145351,
            "max": 6.970598223145351,
            "count": 1
          }
        }
      }
    },
    "metrics": [
      {
        "Time": 0.35002827644348145,
        "RRMSE": 0.6451276750423512,
        "RMSE": 24264.0522417175,
        "MSE": 588744231.188796,
        "NIS": 4.977643617705647,
        "source_0_RRMSE": 0.18878948924659503,
        "source_0_RMSE": 2898.6419312067646,
        "source_0_MSE": 8402125.045350082,
        "source_0_num_samples": 2500,
        "source_0_NIS": 2.104932849056001,
        "source_1_RRMSE": 0.6966668356460036,
        "source_1_RMSE": 34191.90455842204,
        "source_1_MSE": 1169086337.3322418,
        "source_1_num_samples": 2500,
        "source_1_NIS": 6.970598223145351
      }
    ],
    "pfn_model_info": {
      "model_path": "auto",
      "fit_mode": "fit_preprocessors",
      "device": "cuda",
      "inference_precision": "auto",
      "random_state": null,
      "use_autocast": true,
      "forced_inference_dtype": null,
      "encoded_data": false
    }
  }
}