{
  "RRMSE": {
    "mean": 0.37681264804897346,
    "std": 0.06020455213712871,
    "median": 0.3811127475896552,
    "min": 0.262811166531837,
    "max": 0.5267046206199211,
    "count": 20
  },
  "NIS": {
    "mean": 5.260025084270256,
    "std": 0.9646600167672819,
    "median": 5.366845625475278,
    "min": 3.273662534060552,
    "max": 7.284044012690209,
    "count": 20
  },
  "Time": {
    "mean": 1.298666203022003,
    "std": 0.25379754559147105,
    "median": 1.3249082565307617,
    "min": 0.9875204563140869,
    "max": 2.072739362716675,
    "count": 20
  }
}