{
  "RRMSE": {
    "mean": 0.45381011913072394,
    "std": 0.0496464041935581,
    "median": 0.45394702631425754,
    "min": 0.3612417431214421,
    "max": 0.534508315659438,
    "count": 20
  },
  "NIS": {
    "mean": 12.95327474434134,
    "std": 1.7076266118614127,
    "median": 13.257886410589709,
    "min": 9.77697780295386,
    "max": 15.369462441049825,
    "count": 20
  },
  "Time": {
    "mean": 0.22428481578826903,
    "std": 0.031999449995650554,
    "median": 0.21748173236846924,
    "min": 0.19874262809753418,
    "max": 0.3523285388946533,
    "count": 20
  }
}