{
  "gp_data": {
    "summary": {
      "RRMSE": {
        "mean": 0.30886973828100867,
        "std": 0.0628355022999114,
        "median": 0.3012038548478362,
        "min": 0.24040792961469462,
        "max": 0.3926633138136677,
        "count": 4
      },
      "NIS": {
        "mean": 5.235452669471021,
        "std": 0.9494865812842722,
        "median": 5.2482884010217274,
        "min": 4.064794313377935,
        "max": 6.380439562462696,
        "count": 4
      },
      "Total_Time": {
        "mean": 27.305384278297424,
        "std": 9.575055241722438,
        "median": 25.47236728668213,
        "min": 17.709733247756958,
        "max": 40.56706929206848,
        "count": 4
      },
      "Training_Time": {
        "mean": 27.295296549797058,
        "std": 9.576377288664096,
        "median": 25.462587237358093,
        "min": 17.697510480880737,
        "max": 40.55850124359131,
        "count": 4
      },
      "Prediction_Time": {
        "mean": 0.010087728500366211,
        "std": 0.0021106485777264115,
        "median": 0.010061979293823242,
        "min": 0.008004188537597656,
        "max": 0.012222766876220703,
        "count": 4
      },
      "num_epochs": {
        "mean": 10000.0,
        "std": 0.0,
        "median": 10000.0,
        "min": 10000.0,
        "max": 10000.0,
        "count": 4
      },
      "best_epoch": {
        "mean": 1.25,
        "std": 0.9574271077563381,
        "median": 1.5,
        "min": 0.0,
        "max": 2.0,
        "count": 4
      },
      "jitter": {
        "mean": 1e-06,
        "std": 0.0,
        "median": 1e-06,
        "min": 1e-06,
        "max": 1e-06,
        "count": 4
      },
      "raw_noise": {
        "mean": 5.731598566417137,
        "std": 0.05014966236052389,
        "median": 5.722353536852387,
        "min": 5.681191362853739,
        "max": 5.800495829110038,
        "count": 4
      },
      "outputscale": {
        "mean": 0.627009006005972,
        "std": 0.08650455889629519,
        "median": 0.6598747111891312,
        "min": 0.5020969705749853,
        "max": 0.6861896310706401,
        "count": 4
      },
      "lengthscale_0": {
        "mean": -5.760123788046627,
        "std": 0.27922450193146037,
        "median": -5.781735645880401,
        "min": -6.0,
        "max": -5.477023860425706,
        "count": 4
      }
    },
    "metrics": [
      {
        "Total_Time": 17.709733247756958,
        "Training_Time": 17.697510480880737,
        "Prediction_Time": 0.012222766876220703,
        "RRMSE": 0.3042850042935876,
        "RMSE": 12.564575954573874,
        "MSE": 157.86856891825596,
        "NIS": 5.355079833951774,
        "num_epochs": 10000,
        "best_epoch": 2,
        "jitter": 1e-06,
        "raw_noise": 5.715784450779691,
        "outputscale": 0.5020969705749853,
        "lengthscale_0": -6.0
      },
      {
        "Total_Time": 40.56706929206848,
        "Training_Time": 40.55850124359131,
        "Prediction_Time": 0.008568048477172852,
        "RRMSE": 0.3926633138136677,
        "RMSE": 14.702875799905351,
        "MSE": 216.17455678744244,
        "NIS": 6.380439562462696,
        "num_epochs": 10000,
        "best_epoch": 1,
        "jitter": 1e-06,
        "raw_noise": 5.681191362853739,
        "outputscale": 0.6842000477397138,
        "lengthscale_0": -5.477023860425706
      },
      {
        "Total_Time": 25.038582801818848,
        "Training_Time": 25.03057861328125,
        "Prediction_Time": 0.008004188537597656,
        "RRMSE": 0.24040792961469462,
        "RMSE": 10.770394496043236,
        "MSE": 116.00139760039843,
        "NIS": 4.064794313377935,
        "num_epochs": 10000,
        "best_epoch": 0,
        "jitter": 1e-06,
        "raw_noise": 5.800495829110038,
        "outputscale": 0.6861896310706401,
        "lengthscale_0": -6.0
      },
      {
        "Total_Time": 25.90615177154541,
        "Training_Time": 25.894595861434937,
        "Prediction_Time": 0.011555910110473633,
        "RRMSE": 0.2981227054020847,
        "RMSE": 12.552738282724196,
        "MSE": 157.57123839456958,
        "NIS": 5.141496968091681,
        "num_epochs": 10000,
        "best_epoch": 2,
        "jitter": 1e-06,
        "raw_noise": 5.728922622925081,
        "outputscale": 0.6355493746385488,
        "lengthscale_0": -5.563471291760802
      }
    ],
    "gp_model_info": {
      "model_str": "GPR(\n  (likelihood): LogGaussianLikelihood(\n    (noise_covar): LogScaleHomoskedasticNoise(\n      (noise_prior): NormalPrior()\n      (raw_noise_constraint): GreaterThan(-7.000E+00)\n    )\n  )\n  (mean_module): ConstantMean()\n  (covar_module): LogScaleKernel(\n    (base_kernel): CombinedKernel(\n      (cont_kernel): GaussianKernel(\n        (raw_lengthscale_constraint): SoftClamp(-6, 3, margin=0.01)\n      )\n      (cat_kernel): GaussianKernel(\n        (raw_lengthscale_constraint): SoftClamp(-6, 3, margin=0.01)\n      )\n      (cat_encoder_0): MatrixEncoder()\n      (cat_encoder_1): MatrixEncoder()\n    )\n    (raw_outputscale_constraint): SoftClamp(-5, 3, margin=0.01)\n  )\n)",
      "cont_cols": [
        22
      ],
      "cat_cols": [
        [
          1,
          2,
          3,
          4,
          5,
          6,
          7,
          8,
          9,
          10
        ],
        [
          11,
          12,
          13,
          14,
          15,
          16,
          17,
          18,
          19,
          20,
          21,
          22
        ]
      ],
      "source_cols": [],
      "qual_dict": {
        "0": 10,
        "1": 12
      },
      "input_dim": 23,
      "train_samples": 178,
      "test_samples": 45,
      "y_train_mean": 163.18539325842696,
      "y_train_std": 38.77640394559325,
      "standardize_X_gp": "All categorical",
      "standardize_y_gp": true,
      "dtype": "torch.float64",
      "device": "cpu",
      "num_epochs": 10000,
      "num_runs": 4,
      "lr": 0.1,
      "optimizer": "LBFGSScipy",
      "convergence_patience": 10,
      "initializer": null
    }
  },
  "tabpfn_data": {
    "summary": {
      "RRMSE": {
        "mean": 0.2929111361258423,
        "std": 0.040819510347798585,
        "median": 0.2962516390013942,
        "min": 0.24034450636660093,
        "max": 0.3387967601339799,
        "count": 4
      },
      "NIS": {
        "mean": 7.5856666928129055,
        "std": 0.7351046224403098,
        "median": 7.478881526074845,
        "min": 6.866601143179084,
        "max": 8.518302575922847,
        "count": 4
      },
      "Time": {
        "mean": 0.32298266887664795,
        "std": 0.19709376184959243,
        "median": 0.2571120262145996,
        "min": 0.1720571517944336,
        "max": 0.605649471282959,
        "count": 4
      }
    },
    "metrics": [
      {
        "Time": 0.605649471282959,
        "RRMSE": 0.30358779267064184,
        "RMSE": 12.535786601601151,
        "MSE": 157.14594572088293,
        "NIS": 7.153715938262782
      },
      {
        "Time": 0.20621538162231445,
        "RRMSE": 0.28891548533214656,
        "RMSE": 10.818144573403403,
        "MSE": 117.03225201105751,
        "NIS": 7.8040471138869085
      },
      {
        "Time": 0.30800867080688477,
        "RRMSE": 0.24034450636660093,
        "RMSE": 10.767553103068868,
        "MSE": 115.94019982740801,
        "NIS": 6.866601143179084
      },
      {
        "Time": 0.1720571517944336,
        "RRMSE": 0.3387967601339799,
        "RMSE": 14.26535780044279,
        "MSE": 203.50043317465395,
        "NIS": 8.518302575922847
      }
    ],
    "pfn_model_info": {
      "model_path": "auto",
      "fit_mode": "fit_preprocessors",
      "device": "cuda",
      "inference_precision": "auto",
      "random_state": null,
      "use_autocast": true,
      "forced_inference_dtype": null,
      "encoded_data": true
    }
  }
}