{
  "gp_data": {
    "summary": {
      "RRMSE": {
        "mean": 0.47708184262194053,
        "std": 0.0501086385257792,
        "median": 0.4674307360855,
        "min": 0.43184237348907595,
        "max": 0.541623524827686,
        "count": 4
      },
      "NIS": {
        "mean": 3.180707244431213,
        "std": 0.48867853297303754,
        "median": 3.0531791427406043,
        "min": 2.7771015980171705,
        "max": 3.8393690942264738,
        "count": 4
      },
      "Total_Time": {
        "mean": 4.638119220733643,
        "std": 3.624377444786121,
        "median": 4.595655202865601,
        "min": 0.41062283515930176,
        "max": 8.950543642044067,
        "count": 4
      },
      "Training_Time": {
        "mean": 4.619889259338379,
        "std": 3.624762194796007,
        "median": 4.581523895263672,
        "min": 0.3892483711242676,
        "max": 8.927260875701904,
        "count": 4
      },
      "Prediction_Time": {
        "mean": 0.018229961395263672,
        "std": 0.006487659549854949,
        "median": 0.020428061485290527,
        "min": 0.008780956268310547,
        "max": 0.023282766342163086,
        "count": 4
      }
    },
    "metrics": [
      {
        "Total_Time": 8.950543642044067,
        "Training_Time": 8.927260875701904,
        "Prediction_Time": 0.023282766342163086,
        "RRMSE": 0.43184237348907595,
        "RMSE": 0.1664845403580551,
        "MSE": 0.02771710217823288,
        "NIS": 2.7771015980171705
      },
      {
        "Total_Time": 5.807265520095825,
        "Training_Time": 5.798484563827515,
        "Prediction_Time": 0.008780956268310547,
        "RRMSE": 0.4912435576381353,
        "RMSE": 0.18938497682953653,
        "MSE": 0.03586666944872409,
        "NIS": 3.261937785832822
      },
      {
        "Total_Time": 3.384044885635376,
        "Training_Time": 3.364563226699829,
        "Prediction_Time": 0.019481658935546875,
        "RRMSE": 0.4436179145328647,
        "RMSE": 0.17102426517084532,
        "MSE": 0.02924929927722762,
        "NIS": 2.844420499648386
      },
      {
        "Total_Time": 0.41062283515930176,
        "Training_Time": 0.3892483711242676,
        "Prediction_Time": 0.02137446403503418,
        "RRMSE": 0.541623524827686,
        "RMSE": 0.20880753977313898,
        "MSE": 0.043600588666111016,
        "NIS": 3.8393690942264738
      }
    ],
    "gp_model_info": {
      "model_str": "GPR(\n  (likelihood): GaussianLikelihood(\n    (noise_covar): HomoskedasticNoise(\n      (raw_noise_constraint): GreaterThan(1.000E-04)\n    )\n  )\n  (mean_module): ConstantMean()\n  (covar_module): ProcessVarianceKernel(\n    (base_kernel): GaussianKernel(\n      (raw_lengthscale_constraint): SoftClamp(-6.0, 3.0, margin=0.009999999776482582)\n    )\n    (raw_outputscale_constraint): SoftClamp(-6.0, 3.0, margin=0.009999999776482582)\n  )\n)",
      "cat_cols": [],
      "cont_cols": [
        0,
        1,
        2,
        3,
        4,
        5
      ],
      "source_cols": [],
      "qual_dict": {},
      "input_dim": 6,
      "train_samples": 240,
      "test_samples": 5000,
      "y_train_mean": -0.2821914458056529,
      "y_train_std": 0.4277952936416913,
      "standardize_X_gp": false,
      "standardize_y_gp": false,
      "dtype": "torch.float64",
      "device": "cpu",
      "num_epochs": 10000,
      "num_runs": 4,
      "lr": 0.1,
      "optimizer": "Adam",
      "convergence_patience": 10,
      "initializer": null
    }
  },
  "tabpfn_data": {
    "summary": {
      "RRMSE": {
        "mean": 0.4989840355585998,
        "std": 0.030088561707931012,
        "median": 0.4991208322817383,
        "min": 0.4664435210032854,
        "max": 0.5312509566676372,
        "count": 4
      },
      "NIS": {
        "mean": 29.102861042539928,
        "std": 6.927001918318073,
        "median": 30.455990508693574,
        "min": 19.49311065767182,
        "max": 36.00635249510076,
        "count": 4
      },
      "Time": {
        "mean": 0.5382075309753418,
        "std": 0.51248550027942,
        "median": 0.3687901496887207,
        "min": 0.12760424613952637,
        "max": 1.2876455783843994,
        "count": 4
      }
    },
    "metrics": [
      {
        "Time": 1.2876455783843994,
        "RRMSE": 0.4815725000976315,
        "RMSE": 0.18565657575486103,
        "MSE": 0.03446836412102045,
        "NIS": 19.49311065767182
      },
      {
        "Time": 0.35723114013671875,
        "RRMSE": 0.4664435210032854,
        "RMSE": 0.17982402831339847,
        "MSE": 0.03233668115885793,
        "NIS": 36.00635249510076
      },
      {
        "Time": 0.38034915924072266,
        "RRMSE": 0.5312509566676372,
        "RMSE": 0.20480869123841544,
        "MSE": 0.041946600006792595,
        "NIS": 30.83192356772613
      },
      {
        "Time": 0.12760424613952637,
        "RRMSE": 0.5166691644658452,
        "RMSE": 0.19918709613486446,
        "MSE": 0.03967549926663974,
        "NIS": 30.080057449661016
      }
    ],
    "pfn_model_info": {
      "model_path": "auto",
      "fit_mode": "fit_preprocessors",
      "device": "cuda",
      "inference_precision": "auto",
      "random_state": null,
      "use_autocast": true,
      "forced_inference_dtype": null,
      "encoded_data": "All continuous"
    }
  }
}