{
  "RRMSE": {
    "mean": 0.34219026586867407,
    "std": 0.05337342086620252,
    "median": 0.33403985580964557,
    "min": 0.25723548985939027,
    "max": 0.44654432714707126,
    "count": 20
  },
  "NIS": {
    "mean": 4.386968662743821,
    "std": 0.8195341122488252,
    "median": 4.374807258972977,
    "min": 2.910783326683603,
    "max": 6.015623825192114,
    "count": 20
  },
  "Time": {
    "mean": 1.4143459439277648,
    "std": 0.23982568164188336,
    "median": 1.3513075113296509,
    "min": 1.1080729961395264,
    "max": 1.919647455215454,
    "count": 20
  }
}