{
  "RRMSE": {
    "mean": 0.2608804497218014,
    "std": 0.0628543449941553,
    "median": 0.25681816226849113,
    "min": 0.15011633038886585,
    "max": 0.4076300588818357,
    "count": 20
  },
  "NIS": {
    "mean": 2.9434075102531274,
    "std": 1.1001821898145898,
    "median": 2.849427728487096,
    "min": 1.3040347326726573,
    "max": 5.040418119597228,
    "count": 20
  },
  "Time": {
    "mean": 3.2373383760452272,
    "std": 2.0786848839403103,
    "median": 2.727844715118408,
    "min": 1.949763298034668,
    "max": 11.588934183120728,
    "count": 20
  }
}