{
  "RRMSE": {
    "mean": 0.42154765498428126,
    "std": 0.0952737327031055,
    "median": 0.3886697012961348,
    "min": 0.3008605461515451,
    "max": 0.6425538786661021,
    "count": 20
  },
  "NIS": {
    "mean": 6.422262580998405,
    "std": 2.293025690222313,
    "median": 5.596697238672345,
    "min": 3.120066400266568,
    "max": 11.428049440870248,
    "count": 20
  },
  "Time": {
    "mean": 1.3767053127288817,
    "std": 0.37719559090532473,
    "median": 1.4474120140075684,
    "min": 0.7798569202423096,
    "max": 2.184260845184326,
    "count": 20
  }
}