{
  "gp_data": {
    "summary": {
      "RRMSE": {
        "mean": 0.30293731539883045,
        "std": 0.0,
        "median": 0.30293731539883045,
        "min": 0.30293731539883045,
        "max": 0.30293731539883045,
        "count": 1
      },
      "NIS": {
        "mean": 2.0023308461243294,
        "std": 0.0,
        "median": 2.0023308461243294,
        "min": 2.0023308461243294,
        "max": 2.0023308461243294,
        "count": 1
      },
      "Total_Time": {
        "mean": 1.5718255043029785,
        "std": 0.0,
        "median": 1.5718255043029785,
        "min": 1.5718255043029785,
        "max": 1.5718255043029785,
        "count": 1
      },
      "Training_Time": {
        "mean": 1.3960647583007812,
        "std": 0.0,
        "median": 1.3960647583007812,
        "min": 1.3960647583007812,
        "max": 1.3960647583007812,
        "count": 1
      },
      "Prediction_Time": {
        "mean": 0.17576074600219727,
        "std": 0.0,
        "median": 0.17576074600219727,
        "min": 0.17576074600219727,
        "max": 0.17576074600219727,
        "count": 1
      }
    },
    "metrics": [
      {
        "Total_Time": 1.5718255043029785,
        "Training_Time": 1.3960647583007812,
        "Prediction_Time": 0.17576074600219727,
        "RRMSE": 0.30293731539883045,
        "RMSE": 0.04599127856270751,
        "MSE": 0.002115197703832559,
        "NIS": 2.0023308461243294
      }
    ],
    "gp_model_info": {
      "model_str": "GPR(\n  (likelihood): LogGaussianLikelihood(\n    (noise_covar): LogScaleHomoskedasticNoise(\n      (raw_noise_constraint): SoftClamp(-7, 3, margin=0.01)\n    )\n  )\n  (mean_module): ConstantMean()\n  (covar_module): LogScaleKernel(\n    (base_kernel): GaussianKernel(\n      (raw_lengthscale_constraint): SoftClamp(-6, 3, margin=0.01)\n    )\n    (raw_outputscale_constraint): SoftClamp(-5, 3, margin=0.01)\n  )\n)",
      "cat_cols": [],
      "cont_cols": [
        0,
        1,
        2,
        3,
        4
      ],
      "source_cols": [],
      "qual_dict": {},
      "input_dim": 5,
      "train_samples": 50,
      "test_samples": 5000,
      "y_train_mean": 2.676344635698925,
      "y_train_std": 0.17744661888212432,
      "standardize_X": false,
      "standardize_y": true,
      "dtype": "torch.float64",
      "device": "cpu",
      "num_epochs": 10000,
      "num_runs": 4,
      "lr": 0.1,
      "optimizer": "Adam",
      "convergence_patience": 10,
      "initializer": null
    }
  },
  "tabpfn_data": {
    "summary": {
      "RRMSE": {
        "mean": 0.3754459899867161,
        "std": 0.0,
        "median": 0.3754459899867161,
        "min": 0.3754459899867161,
        "max": 0.3754459899867161,
        "count": 1
      },
      "NIS": {
        "mean": 8.219568092886211,
        "std": 0.0,
        "median": 8.219568092886211,
        "min": 8.219568092886211,
        "max": 8.219568092886211,
        "count": 1
      },
      "Time": {
        "mean": 0.39308810234069824,
        "std": 0.0,
        "median": 0.39308810234069824,
        "min": 0.39308810234069824,
        "max": 0.39308810234069824,
        "count": 1
      }
    },
    "metrics": [
      {
        "Time": 0.39308810234069824,
        "RRMSE": 0.3754459899867161,
        "RMSE": 0.056999386450617556,
        "MSE": 0.003248930055746844,
        "NIS": 8.219568092886211
      }
    ],
    "pfn_model_info": {
      "model_path": "auto",
      "fit_mode": "fit_preprocessors",
      "device": "cuda",
      "inference_precision": "auto",
      "random_state": null,
      "use_autocast": true,
      "forced_inference_dtype": null
    }
  }
}