{
  "gp_data": {
    "summary": {
      "RRMSE": {
        "mean": 0.04555105564381133,
        "std": 0.0,
        "median": 0.04555105564381133,
        "min": 0.04555105564381133,
        "max": 0.04555105564381133,
        "count": 1
      },
      "NIS": {
        "mean": 0.22510993318290226,
        "std": 0.0,
        "median": 0.22510993318290226,
        "min": 0.22510993318290226,
        "max": 0.22510993318290226,
        "count": 1
      },
      "Total_Time": {
        "mean": 5.051477432250977,
        "std": 0.0,
        "median": 5.051477432250977,
        "min": 5.051477432250977,
        "max": 5.051477432250977,
        "count": 1
      },
      "Training_Time": {
        "mean": 4.967597246170044,
        "std": 0.0,
        "median": 4.967597246170044,
        "min": 4.967597246170044,
        "max": 4.967597246170044,
        "count": 1
      },
      "Prediction_Time": {
        "mean": 0.08388018608093262,
        "std": 0.0,
        "median": 0.08388018608093262,
        "min": 0.08388018608093262,
        "max": 0.08388018608093262,
        "count": 1
      },
      "per_source": {
        "source_0": {
          "RRMSE": {
            "mean": 0.06581716072596253,
            "std": 0.0,
            "median": 0.06581716072596253,
            "min": 0.06581716072596253,
            "max": 0.06581716072596253,
            "count": 1
          },
          "NIS": {
            "mean": 0.533268460558416,
            "std": 0.0,
            "median": 0.533268460558416,
            "min": 0.533268460558416,
            "max": 0.533268460558416,
            "count": 1
          }
        },
        "source_1": {
          "RRMSE": {
            "mean": 0.060049564794287025,
            "std": 0.0,
            "median": 0.060049564794287025,
            "min": 0.060049564794287025,
            "max": 0.060049564794287025,
            "count": 1
          },
          "NIS": {
            "mean": 0.35339018657899646,
            "std": 0.0,
            "median": 0.35339018657899646,
            "min": 0.35339018657899646,
            "max": 0.35339018657899646,
            "count": 1
          }
        },
        "source_2": {
          "RRMSE": {
            "mean": 0.0595238883549439,
            "std": 0.0,
            "median": 0.0595238883549439,
            "min": 0.0595238883549439,
            "max": 0.0595238883549439,
            "count": 1
          },
          "NIS": {
            "mean": 0.32349548937553024,
            "std": 0.0,
            "median": 0.32349548937553024,
            "min": 0.32349548937553024,
            "max": 0.32349548937553024,
            "count": 1
          }
        },
        "source_3": {
          "RRMSE": {
            "mean": 0.1053648331694534,
            "std": 0.0,
            "median": 0.1053648331694534,
            "min": 0.1053648331694534,
            "max": 0.1053648331694534,
            "count": 1
          },
          "NIS": {
            "mean": 0.5641643857998841,
            "std": 0.0,
            "median": 0.5641643857998841,
            "min": 0.5641643857998841,
            "max": 0.5641643857998841,
            "count": 1
          }
        }
      }
    },
    "metrics": [
      {
        "Total_Time": 5.051477432250977,
        "Training_Time": 4.967597246170044,
        "Prediction_Time": 0.08388018608093262,
        "RRMSE": 0.04555105564381133,
        "RMSE": 6.0274335002689625,
        "MSE": 36.329954600164555,
        "NIS": 0.22510993318290226,
        "source_0_Total_Time": 5.051477432250977,
        "source_0_Training_Time": 4.967597246170044,
        "source_0_Prediction_Time": 0.08388018608093262,
        "source_0_RRMSE": 0.06581716072596253,
        "source_0_RMSE": 3.1548405567196673,
        "source_0_MSE": 9.953018938323261,
        "source_0_num_samples": 1250,
        "source_0_NIS": 0.533268460558416,
        "source_1_Total_Time": 5.051477432250977,
        "source_1_Training_Time": 4.967597246170044,
        "source_1_Prediction_Time": 0.08388018608093262,
        "source_1_RRMSE": 0.060049564794287025,
        "source_1_RMSE": 2.8756303056519044,
        "source_1_MSE": 8.269249654783664,
        "source_1_num_samples": 1250,
        "source_1_NIS": 0.35339018657899646,
        "source_2_Total_Time": 5.051477432250977,
        "source_2_Training_Time": 4.967597246170044,
        "source_2_Prediction_Time": 0.08388018608093262,
        "source_2_RRMSE": 0.0595238883549439,
        "source_2_RMSE": 3.5712600142615782,
        "source_2_MSE": 12.75389808946361,
        "source_2_num_samples": 1250,
        "source_2_NIS": 0.32349548937553024,
        "source_3_Total_Time": 5.051477432250977,
        "source_3_Training_Time": 4.967597246170044,
        "source_3_Prediction_Time": 0.08388018608093262,
        "source_3_RRMSE": 0.1053648331694534,
        "source_3_RMSE": 10.693159108424773,
        "source_3_MSE": 114.34365171808768,
        "source_3_num_samples": 1250,
        "source_3_NIS": 0.5641643857998841
      }
    ],
    "gp_model_info": {
      "model_str": "GPR(\n  (likelihood): MultiLikelihood(\n    (noise_covar): MultiNoise(\n      (raw_noise_constraint): GreaterThan(1.000E-04)\n    )\n  )\n  (mean_module): MultiMean(\n    (mean0): ZeroMean()\n    (mean1): ConstantMean(\n      (mean_prior): NormalPrior()\n    )\n    (mean2): ConstantMean(\n      (mean_prior): NormalPrior()\n    )\n    (mean3): ConstantMean(\n      (mean_prior): NormalPrior()\n    )\n  )\n  (covar_module): CombinedKernel(\n    (cont_kernel): GaussianKernel(\n      (raw_lengthscale_constraint): SoftClamp(-6, 3, margin=0.01)\n    )\n    (source_kernel): GaussianKernel(\n      (raw_lengthscale_constraint): SoftClamp(-6, 3, margin=0.01)\n    )\n    (source_encoder): MatrixEncoder()\n  )\n)",
      "cat_cols": [],
      "cont_cols": [
        0,
        1,
        2,
        3,
        4,
        5,
        6,
        7,
        8,
        9
      ],
      "source_cols": [
        10,
        11,
        12,
        13
      ],
      "qual_dict": {
        "10": 4
      },
      "input_dim": 14,
      "train_samples": [
        100,
        100,
        100,
        100
      ],
      "test_samples": [
        1250,
        1250,
        1250,
        1250
      ],
      "y_train_mean": 347.0502278289799,
      "y_train_std": 132.55973719117392,
      "standardize_X": true,
      "standardize_y": true,
      "dtype": "torch.float64",
      "device": "cpu",
      "num_epochs": 10000,
      "num_runs": 1,
      "lr": 0.1,
      "optimizer": "Adam",
      "convergence_patience": 10,
      "initializer": null
    }
  },
  "tabpfn_data": {
    "summary": {
      "RRMSE": {
        "mean": 0.044503423629076076,
        "std": 0.0,
        "median": 0.044503423629076076,
        "min": 0.044503423629076076,
        "max": 0.044503423629076076,
        "count": 1
      },
      "NIS": {
        "mean": 0.6391394927787118,
        "std": 0.0,
        "median": 0.6391394927787118,
        "min": 0.6391394927787118,
        "max": 0.6391394927787118,
        "count": 1
      },
      "Time": {
        "mean": 0.6987841129302979,
        "std": 0.0,
        "median": 0.6987841129302979,
        "min": 0.6987841129302979,
        "max": 0.6987841129302979,
        "count": 1
      },
      "per_source": {
        "source_0": {
          "RRMSE": {
            "mean": 0.08295456722511702,
            "std": 0.0,
            "median": 0.08295456722511702,
            "min": 0.08295456722511702,
            "max": 0.08295456722511702,
            "count": 1
          },
          "NIS": {
            "mean": 0.7140317536765616,
            "std": 0.0,
            "median": 0.7140317536765616,
            "min": 0.7140317536765616,
            "max": 0.7140317536765616,
            "count": 1
          }
        },
        "source_1": {
          "RRMSE": {
            "mean": 0.05030851836568099,
            "std": 0.0,
            "median": 0.05030851836568099,