{
  "gp_data": {
    "summary": {
      "RRMSE": {
        "mean": 0.07240948028887927,
        "std": 0.0,
        "median": 0.07240948028887927,
        "min": 0.07240948028887927,
        "max": 0.07240948028887927,
        "count": 1
      },
      "NIS": {
        "mean": 0.6697149895236337,
        "std": 0.0,
        "median": 0.6697149895236337,
        "min": 0.6697149895236337,
        "max": 0.6697149895236337,
        "count": 1
      },
      "Total_Time": {
        "mean": 3.418896436691284,
        "std": 0.0,
        "median": 3.418896436691284,
        "min": 3.418896436691284,
        "max": 3.418896436691284,
        "count": 1
      },
      "Training_Time": {
        "mean": 3.380059003829956,
        "std": 0.0,
        "median": 3.380059003829956,
        "min": 3.380059003829956,
        "max": 3.380059003829956,
        "count": 1
      },
      "Prediction_Time": {
        "mean": 0.038837432861328125,
        "std": 0.0,
        "median": 0.038837432861328125,
        "min": 0.038837432861328125,
        "max": 0.038837432861328125,
        "count": 1
      },
      "per_source": {
        "source_0": {
          "RRMSE": {
            "mean": 0.06421455749398657,
            "std": 0.0,
            "median": 0.06421455749398657,
            "min": 0.06421455749398657,
            "max": 0.06421455749398657,
            "count": 1
          },
          "NIS": {
            "mean": 0.41651009681887285,
            "std": 0.0,
            "median": 0.41651009681887285,
            "min": 0.41651009681887285,
            "max": 0.41651009681887285,
            "count": 1
          }
        },
        "source_1": {
          "RRMSE": {
            "mean": 0.2180827230807088,
            "std": 0.0,
            "median": 0.2180827230807088,
            "min": 0.2180827230807088,
            "max": 0.2180827230807088,
            "count": 1
          },
          "NIS": {
            "mean": 4.840989998066493,
            "std": 0.0,
            "median": 4.840989998066493,
            "min": 4.840989998066493,
            "max": 4.840989998066493,
            "count": 1
          }
        },
        "source_2": {
          "RRMSE": {
            "mean": 0.04260903206343628,
            "std": 0.0,
            "median": 0.04260903206343628,
            "min": 0.04260903206343628,
            "max": 0.04260903206343628,
            "count": 1
          },
          "NIS": {
            "mean": 0.19906489266544072,
            "std": 0.0,
            "median": 0.19906489266544072,
            "min": 0.19906489266544072,
            "max": 0.19906489266544072,
            "count": 1
          }
        },
        "source_3": {
          "RRMSE": {
            "mean": 0.1535061214433469,
            "std": 0.0,
            "median": 0.1535061214433469,
            "min": 0.1535061214433469,
            "max": 0.1535061214433469,
            "count": 1
          },
          "NIS": {
            "mean": 0.9083094117933236,
            "std": 0.0,
            "median": 0.9083094117933236,
            "min": 0.9083094117933236,
            "max": 0.9083094117933236,
            "count": 1
          }
        }
      }
    },
    "metrics": [
      {
        "Total_Time": 3.418896436691284,
        "Training_Time": 3.380059003829956,
        "Prediction_Time": 0.038837432861328125,
        "RRMSE": 0.07240948028887927,
        "RMSE": 9.586228904155163,
        "MSE": 91.89578460285989,
        "NIS": 0.6697149895236337,
        "source_0_Total_Time": 3.418896436691284,
        "source_0_Training_Time": 3.380059003829956,
        "source_0_Prediction_Time": 0.038837432861328125,
        "source_0_RRMSE": 0.06421455749398657,
        "source_0_RMSE": 3.110730944214268,
        "source_0_MSE": 9.67664700729219,
        "source_0_num_samples": 1250,
        "source_0_NIS": 0.41651009681887285,
        "source_1_Total_Time": 3.418896436691284,
        "source_1_Training_Time": 3.380059003829956,
        "source_1_Prediction_Time": 0.038837432861328125,
        "source_1_RRMSE": 0.2180827230807088,
        "source_1_RMSE": 10.36816513246497,
        "source_1_MSE": 107.49884821406235,
        "source_1_num_samples": 1250,
        "source_1_NIS": 4.840989998066493,
        "source_2_Total_Time": 3.418896436691284,
        "source_2_Training_Time": 3.380059003829956,
        "source_2_Prediction_Time": 0.038837432861328125,
        "source_2_RRMSE": 0.04260903206343628,
        "source_2_RMSE": 2.549939522556254,
        "source_2_MSE": 6.502191568694417,
        "source_2_num_samples": 1250,
        "source_2_NIS": 0.19906489266544072,
        "source_3_Total_Time": 3.418896436691284,
        "source_3_Training_Time": 3.380059003829956,
        "source_3_Prediction_Time": 0.038837432861328125,
        "source_3_RRMSE": 0.1535061214433469,
        "source_3_RMSE": 15.61747263872713,
        "source_3_MSE": 243.9054516213905,
        "source_3_num_samples": 1250,
        "source_3_NIS": 0.9083094117933236
      }
    ],
    "gp_model_info": {
      "model_str": "GPR(\n  (likelihood): MultiLikelihood(\n    (noise_covar): MultiNoise(\n      (raw_noise_constraint): GreaterThan(1.000E-04)\n    )\n  )\n  (mean_module): MultiMean(\n    (mean0): ZeroMean()\n    (mean1): ConstantMean(\n      (mean_prior): NormalPrior()\n    )\n    (mean2): ConstantMean(\n      (mean_prior): NormalPrior()\n    )\n    (mean3): ConstantMean(\n      (mean_prior): NormalPrior()\n    )\n  )\n  (covar_module): LogScaleKernel(\n    (base_kernel): CombinedKernel(\n      (cont_kernel): GaussianKernel(\n        (raw_lengthscale_constraint): SoftClamp(-6, 3, margin=0.01)\n      )\n      (source_kernel): GaussianKernel(\n        (raw_lengthscale_constraint): SoftClamp(-6, 3, margin=0.01)\n      )\n      (source_encoder): MatrixEncoder()\n    )\n    (raw_outputscale_constraint): SoftClamp(-5, 3, margin=0.01)\n  )\n)",
      "cat_cols": [],
      "cont_cols": [
        0,
        1,
        2,
        3,
        4,
        5,
        6,
        7,
        8,
        9
      ],
      "source_cols": [
        10,
        11,
        12,
        13
      ],
      "qual_dict": {
        "10": 4
      },
      "input_dim": 14,
      "train_samples": [
        100,
        100,
        100,
        100
      ],
      "test_samples": [
        1250,
        1250,
        1250,
        1250
      ],
      "y_train_mean": 347.15382967803436,
      "y_train_std": 132.02217452198124,
      "standardize_X": true,
      "standardize_y": true,
      "dtype": "torch.float64",
      "device": "cpu",
      "num_epochs": 10000,
      "num_runs": 1,
      "lr": 0.1,
      "optimizer": "Adam",
      "convergence_patience": 10,
      "initializer": null
    }
  },
  "tabpfn_data": {
    "summary": {
      "RRMSE": {
        "mean": 0.049710211321676134,
        "std": 0.0,
        "median": 0.049710211321676134,
        "min": 0.049710211321676134,
        "max": 0.049710211321676134,
        "count": 1
      },
      "NIS": {
        "mean": 0.6312389482319107,
        "std": 0.0,
        "median": 0.6312389482319107,
        "min": 0.6312389482319107,
        "max": 0.6312389482319107,
        "count": 1
      },
      "Time": {
        "mean": 0.46562743186950684,
        "std": 0.0,
        "median": 0.46562743186950684,
        "min": 0.46562743186950684,
        "max": 0.46562743186950684,
        "count": 1
      },
      "per_source": {
        "source_0": {
          "RRMSE": {
            "mean": 0.08266704026056021,
            "std": 0.0,
            "median": 0.08266704026056021,
            "min": 0.08266704026056021,
            "max": 0.08266704026056021,
            "count": 1
          },
          "NIS": {
            "mean": 0.7681499112151386,
            "std": 0.0,
            "median": 0.7681499112151386,
            "min": 0.7681499112151386,
            "max": 0.7681499112151386,
            "count": 1
          }
        },