{
  "gp_data": {
    "summary": {
      "RRMSE": {
        "mean": 0.08918998144899577,
        "std": 0.0,
        "median": 0.08918998144899577,
        "min": 0.08918998144899577,
        "max": 0.08918998144899577,
        "count": 1
      },
      "NIS": {
        "mean": 0.5441811751223727,
        "std": 0.0,
        "median": 0.5441811751223727,
        "min": 0.5441811751223727,
        "max": 0.5441811751223727,
        "count": 1
      },
      "Total_Time": {
        "mean": 14.516066312789917,
        "std": 0.0,
        "median": 14.516066312789917,
        "min": 14.516066312789917,
        "max": 14.516066312789917,
        "count": 1
      },
      "Training_Time": {
        "mean": 14.498084783554077,
        "std": 0.0,
        "median": 14.498084783554077,
        "min": 14.498084783554077,
        "max": 14.498084783554077,
        "count": 1
      },
      "Prediction_Time": {
        "mean": 0.017981529235839844,
        "std": 0.0,
        "median": 0.017981529235839844,
        "min": 0.017981529235839844,
        "max": 0.017981529235839844,
        "count": 1
      }
    },
    "metrics": [
      {
        "Total_Time": 14.516066312789917,
        "Training_Time": 14.498084783554077,
        "Prediction_Time": 0.017981529235839844,
        "RRMSE": 0.08918998144899577,
        "RMSE": 4.295887000217322,
        "MSE": 18.454645118636183,
        "NIS": 0.5441811751223727
      }
    ],
    "gp_model_info": {
      "model_str": "GPR(\n  (likelihood): LogGaussianLikelihood(\n    (noise_covar): LogScaleHomoskedasticNoise(\n      (raw_noise_constraint): SoftClamp(-7, 3, margin=0.01)\n    )\n  )\n  (mean_module): ConstantMean()\n  (covar_module): LogScaleKernel(\n    (base_kernel): GaussianKernel(\n      (raw_lengthscale_constraint): SoftClamp(-6, 3, margin=0.01)\n    )\n    (raw_outputscale_constraint): SoftClamp(-5, 3, margin=0.01)\n  )\n)",
      "cat_cols": [],
      "cont_cols": [
        0,
        1,
        2,
        3,
        4,
        5,
        6,
        7,
        8,
        9
      ],
      "source_cols": [],
      "qual_dict": {},
      "input_dim": 10,
      "train_samples": 100,
      "test_samples": 5000,
      "y_train_mean": 267.827589336446,
      "y_train_std": 47.21979575197944,
      "standardize_X": true,
      "standardize_y": true,
      "dtype": "torch.float64",
      "device": "cpu",
      "num_epochs": 10000,
      "num_runs": 1,
      "lr": 0.1,
      "optimizer": "Adam",
      "convergence_patience": 10,
      "initializer": null
    }
  },
  "tabpfn_data": {
    "summary": {
      "RRMSE": {
        "mean": 0.08692678981048672,
        "std": 0.0,
        "median": 0.08692678981048672,
        "min": 0.08692678981048672,
        "max": 0.08692678981048672,
        "count": 1
      },
      "NIS": {
        "mean": 0.4412670639555321,
        "std": 0.0,
        "median": 0.4412670639555321,
        "min": 0.4412670639555321,
        "max": 0.4412670639555321,
        "count": 1
      },
      "Time": {
        "mean": 0.6536424160003662,
        "std": 0.0,
        "median": 0.6536424160003662,
        "min": 0.6536424160003662,
        "max": 0.6536424160003662,
        "count": 1
      }
    },
    "metrics": [
      {
        "Time": 0.6536424160003662,
        "RRMSE": 0.08692678981048672,
        "RMSE": 4.186879067028868,
        "MSE": 17.529956321924526,
        "NIS": 0.4412670639555321
      }
    ],
    "pfn_model_info": {
      "model_path": "auto",
      "fit_mode": "fit_preprocessors",
      "device": "cuda",
      "inference_precision": "auto",
      "random_state": null,
      "use_autocast": true,
      "forced_inference_dtype": null,
      "encoded_data": false
    }
  }
}