{
  "gp_data": {
    "summary": {
      "RRMSE": {
        "mean": 0.44859497535533005,
        "std": 0.0,
        "median": 0.44859497535533005,
        "min": 0.44859497535533005,
        "max": 0.44859497535533005,
        "count": 1
      },
      "NIS": {
        "mean": 3.400915909804031,
        "std": 0.0,
        "median": 3.400915909804031,
        "min": 3.400915909804031,
        "max": 3.400915909804031,
        "count": 1
      },
      "Total_Time": {
        "mean": 14.967920064926147,
        "std": 0.0,
        "median": 14.967920064926147,
        "min": 14.967920064926147,
        "max": 14.967920064926147,
        "count": 1
      },
      "Training_Time": {
        "mean": 14.953921556472778,
        "std": 0.0,
        "median": 14.953921556472778,
        "min": 14.953921556472778,
        "max": 14.953921556472778,
        "count": 1
      },
      "Prediction_Time": {
        "mean": 0.01399850845336914,
        "std": 0.0,
        "median": 0.01399850845336914,
        "min": 0.01399850845336914,
        "max": 0.01399850845336914,
        "count": 1
      },
      "per_source": {
        "source_0": {
          "RRMSE": {
            "mean": 0.2960457576470563,
            "std": 0.0,
            "median": 0.2960457576470563,
            "min": 0.2960457576470563,
            "max": 0.2960457576470563,
            "count": 1
          },
          "NIS": {
            "mean": 1.7465457718957837,
            "std": 0.0,
            "median": 1.7465457718957837,
            "min": 1.7465457718957837,
            "max": 1.7465457718957837,
            "count": 1
          }
        },
        "source_1": {
          "RRMSE": {
            "mean": 0.47730932359299594,
            "std": 0.0,
            "median": 0.47730932359299594,
            "min": 0.47730932359299594,
            "max": 0.47730932359299594,
            "count": 1
          },
          "NIS": {
            "mean": 4.666687535537364,
            "std": 0.0,
            "median": 4.666687535537364,
            "min": 4.666687535537364,
            "max": 4.666687535537364,
            "count": 1
          }
        }
      }
    },
    "metrics": [
      {
        "Total_Time": 14.967920064926147,
        "Training_Time": 14.953921556472778,
        "Prediction_Time": 0.01399850845336914,
        "RRMSE": 0.44859497535533005,
        "RMSE": 16880.22410562627,
        "MSE": 284941965.8561661,
        "NIS": 3.400915909804031,
        "source_0_Total_Time": 14.967920064926147,
        "source_0_Training_Time": 14.953921556472778,
        "source_0_Prediction_Time": 0.01399850845336914,
        "source_0_RRMSE": 0.2960457576470563,
        "source_0_RMSE": 4545.436560563767,
        "source_0_MSE": 20660993.526109766,
        "source_0_num_samples": 2500,
        "source_0_NIS": 1.7465457718957837,
        "source_1_Total_Time": 14.967920064926147,
        "source_1_Training_Time": 14.953921556472778,
        "source_1_Prediction_Time": 0.01399850845336914,
        "source_1_RRMSE": 0.47730932359299594,
        "source_1_RMSE": 23435.505929811337,
        "source_1_MSE": 549222938.1862224,
        "source_1_num_samples": 2500,
        "source_1_NIS": 4.666687535537364
      }
    ],
    "gp_model_info": {
      "model_str": "GPR(\n  (likelihood): MultiLikelihood(\n    (noise_covar): MultiNoise(\n      (raw_noise_constraint): GreaterThan(1.000E-04)\n    )\n  )\n  (mean_module): MultiMean(\n    (mean0): ZeroMean()\n    (mean1): ConstantMean(\n      (mean_prior): NormalPrior()\n    )\n  )\n  (covar_module): CombinedKernel(\n    (cont_kernel): GaussianKernel(\n      (raw_lengthscale_constraint): SoftClamp(-6.0, 3.0, margin=0.009999999776482582)\n    )\n    (source_kernel): GaussianKernel(\n      (raw_lengthscale_constraint): SoftClamp(-6.0, 3.0, margin=0.009999999776482582)\n    )\n    (source_encoder): MatrixEncoder()\n  )\n)",
      "cat_cols": [],
      "cont_cols": [
        0,
        1,
        2,
        3
      ],
      "source_cols": [
        4,
        5
      ],
      "qual_dict": {
        "4": 2
      },
      "input_dim": 6,
      "train_samples": [
        40,
        40
      ],
      "test_samples": [
        2500,
        2500
      ],
      "y_train_mean": 21800.606968152606,
      "y_train_std": 44723.320843854155,
      "standardize_X_gp": true,
      "standardize_y_gp": true,
      "dtype": "torch.float64",
      "device": "cpu",
      "num_epochs": 10000,
      "num_runs": 2,
      "lr": 0.1,
      "optimizer": "Adam",
      "convergence_patience": 10,
      "initializer": null
    }
  },
  "tabpfn_data": {
    "summary": {
      "RRMSE": {
        "mean": 0.5449597832349284,
        "std": 0.0,
        "median": 0.5449597832349284,
        "min": 0.5449597832349284,
        "max": 0.5449597832349284,
        "count": 1
      },
      "NIS": {
        "mean": 3.208626068824708,
        "std": 0.0,
        "median": 3.208626068824708,
        "min": 3.208626068824708,
        "max": 3.208626068824708,
        "count": 1
      },
      "Time": {
        "mean": 0.4516785144805908,
        "std": 0.0,
        "median": 0.4516785144805908,
        "min": 0.4516785144805908,
        "max": 0.4516785144805908,
        "count": 1
      },
      "per_source": {
        "source_0": {
          "RRMSE": {
            "mean": 0.15976148251458835,
            "std": 0.0,
            "median": 0.15976148251458835,
            "min": 0.15976148251458835,
            "max": 0.15976148251458835,
            "count": 1
          },
          "NIS": {
            "mean": 1.5560172161846146,
            "std": 0.0,
            "median": 1.5560172161846146,
            "min": 1.5560172161846146,
            "max": 1.5560172161846146,
            "count": 1
          }
        },
        "source_1": {
          "RRMSE": {
            "mean": 0.5885314884096285,
            "std": 0.0,
            "median": 0.5885314884096285,
            "min": 0.5885314884096285,
            "max": 0.5885314884096285,
            "count": 1
          },
          "NIS": {
            "mean": 4.431530076256469,
            "std": 0.0,
            "median": 4.431530076256469,
            "min": 4.431530076256469,
            "max": 4.431530076256469,
            "count": 1
          }
        }
      }
    },
    "metrics": [
      {
        "Time": 0.4516785144805908,
        "RRMSE": 0.5449597832349284,
        "RMSE": 20506.34486548269,
        "MSE": 420510179.74210835,
        "NIS": 3.208626068824708,
        "source_0_RRMSE": 0.15976148251458835,
        "source_0_RMSE": 2452.950818695508,
        "source_0_MSE": 6016967.7189389635,
        "source_0_num_samples": 2500,
        "source_0_NIS": 1.5560172161846146,
        "source_1_RRMSE": 0.5885314884096285,
        "source_1_RMSE": 28896.42524197894,
        "source_1_MSE": 835003391.7652777,
        "source_1_num_samples": 2500,
        "source_1_NIS": 4.431530076256469
      }
    ],
    "pfn_model_info": {
      "model_path": "auto",
      "fit_mode": "fit_preprocessors",
      "device": "cuda",
      "inference_precision": "auto",
      "random_state": null,
      "use_autocast": true,
      "forced_inference_dtype": null,
      "encoded_data": false
    }
  }
}