{
  "RRMSE": {
    "mean": 0.49618830325430796,
    "std": 0.10853307812658763,
    "median": 0.4898391122238904,
    "min": 0.3295736314041841,
    "max": 0.7433563972339913,
    "count": 20
  },
  "NIS": {
    "mean": 7.544536307526718,
    "std": 2.804907042378356,
    "median": 6.794990342812818,
    "min": 3.182238734182094,
    "max": 15.620095324073551,
    "count": 20
  },
  "Time": {
    "mean": 1.2290104508399964,
    "std": 0.9138112201233113,
    "median": 0.9630908966064453,
    "min": 0.30661988258361816,
    "max": 3.180269241333008,
    "count": 20
  }
}