{
  "RRMSE": {
    "mean": 0.3257429867803139,
    "std": 0.0632409465825613,
    "median": 0.3115684800827388,
    "min": 0.252232225353484,
    "max": 0.5327690408392289,
    "count": 20
  },
  "NIS": {
    "mean": 3.94202029321796,
    "std": 1.1632969547451082,
    "median": 3.6110765641488616,
    "min": 2.680527794690354,
    "max": 7.3148795992936195,
    "count": 20
  },
  "Time": {
    "mean": 7.622197091579437,
    "std": 3.7052993975889246,
    "median": 7.068628311157227,
    "min": 0.5668795108795166,
    "max": 14.700478792190552,
    "count": 20
  }
}