{
  "RRMSE": {
    "mean": 0.4877741245047346,
    "std": 0.05348422724570838,
    "median": 0.4951606348876372,
    "min": 0.40460334720410146,
    "max": 0.5708886283897486,
    "count": 20
  },
  "NIS": {
    "mean": 14.176036453424667,
    "std": 1.8335324922610596,
    "median": 14.425539291880199,
    "min": 11.270366435739843,
    "max": 17.08404365015129,
    "count": 20
  },
  "Time": {
    "mean": 0.2520977258682251,
    "std": 0.033840489385588896,
    "median": 0.25593483448028564,
    "min": 0.21159005165100098,
    "max": 0.3459970951080322,
    "count": 20
  }
}