{
  "RRMSE": {
    "mean": 0.28228759335631903,
    "std": 0.03969245165916164,
    "median": 0.27708101058425627,
    "min": 0.22199774398794553,
    "max": 0.38234815324962546,
    "count": 20
  },
  "NIS": {
    "mean": 8.003407891838458,
    "std": 1.1079273623231307,
    "median": 7.652911813299012,
    "min": 6.428816951352572,
    "max": 10.480162814277438,
    "count": 20
  },
  "Time": {
    "mean": 0.274978506565094,
    "std": 0.17904228807509057,
    "median": 0.23179876804351807,
    "min": 0.20798540115356445,
    "max": 1.0321578979492188,
    "count": 20
  }
}