{
  "RRMSE": {
    "mean": 0.28943715526934854,
    "std": 0.06351143069148045,
    "median": 0.2865532416252113,
    "min": 0.16980556208000797,
    "max": 0.42587482941447646,
    "count": 20
  },
  "NIS": {
    "mean": 3.1788142371570736,
    "std": 1.0823125736904575,
    "median": 2.9218292104173833,
    "min": 1.4460377132321731,
    "max": 5.112158176566742,
    "count": 20
  },
  "Time": {
    "mean": 16.037733173370363,
    "std": 6.2272710141572185,
    "median": 16.94570505619049,
    "min": 7.007515907287598,
    "max": 27.408685445785522,
    "count": 20
  }
}