{
  "RRMSE": {
    "mean": 0.27349540816613477,
    "std": 0.03854355195992265,
    "median": 0.2645657906122886,
    "min": 0.20308654255362243,
    "max": 0.3571361124164196,
    "count": 20
  },
  "NIS": {
    "mean": 7.608128582040105,
    "std": 1.090263268047307,
    "median": 7.478100594386337,
    "min": 5.605650748746044,
    "max": 10.117283005252181,
    "count": 20
  },
  "Time": {
    "mean": 0.2920666217803955,
    "std": 0.16553647226027363,
    "median": 0.25074315071105957,
    "min": 0.2201366424560547,
    "max": 0.9858827590942383,
    "count": 20
  }
}